Company_name_encoded,TypeName_name_encoded,Cpu_brand_name_encoded,CPU_vel,GPU_name_encoded,Ram,first_type_name_encoded,first_size,second_type_name_encoded,second_size,Touchscreen,Ips,Inches,ppi,os_name_encoded,Price
1,4,25,2.3,2,8,3,128,2,0,0,1,13.3,226.98300468106115,0,27800
1,4,25,1.8,2,8,0,128,2,0,0,0,13.3,127.67794013309688,0,18600
7,3,25,2.5,2,8,3,256,2,0,0,0,15.6,141.21199808219862,1,11900
1,4,26,2.7,0,16,3,512,2,0,0,1,15.4,220.53462386625827,0,52700
1,4,25,3.1,2,8,3,256,2,0,0,1,13.3,226.98300468106115,0,37400
0,3,11,3.0,0,4,1,0,2,0,0,0,15.6,100.45466986113651,2,8300
1,4,26,2.2,2,16,0,256,2,0,0,1,15.4,220.53462386625827,0,44400
1,4,25,1.8,2,8,0,256,2,0,0,0,13.3,127.67794013309688,0,24000
2,4,26,1.8,3,16,3,512,2,0,0,0,14.0,157.3505121487356,2,31000
0,4,25,1.6,2,8,3,256,2,0,0,1,14.0,157.3505121487356,2,15900
7,3,25,2.5,2,4,1,0,2,0,0,0,15.6,100.45466986113651,1,8100
7,3,24,2.0,2,4,1,0,2,0,0,0,15.6,141.21199808219862,1,7100
1,4,26,2.8,0,16,3,256,2,0,0,1,15.4,220.53462386625827,0,50700
4,3,24,2.0,0,4,3,256,2,0,0,0,15.6,141.21199808219862,2,10300
1,4,27,1.2,2,8,3,256,2,0,0,1,12.0,226.41554716935852,0,26200
1,4,25,2.3,2,8,3,256,2,0,0,1,13.3,226.98300468106115,0,31500
4,3,26,2.7,0,8,3,256,2,0,0,0,15.6,141.21199808219862,2,15400
1,4,26,2.9,0,16,3,512,2,0,0,1,15.4,220.53462386625827,0,59300
10,3,24,2.4,3,8,1,1000,2,0,0,0,15.6,141.21199808219862,1,10300
4,4,25,1.6,2,8,3,128,2,0,1,1,13.3,165.6321180513006,2,20300
2,2,27,1.44,2,2,0,32,2,0,0,0,11.6,135.0942111925629,2,3900
10,1,25,2.5,3,8,3,128,0,1000,0,1,15.6,141.21199808219862,2,20700
7,3,19,1.5,0,4,1,0,2,0,0,0,15.6,100.45466986113651,1,5300
4,0,25,1.6,2,8,3,256,2,0,1,0,13.3,165.6321180513006,2,17000
7,4,26,1.8,2,8,3,256,2,0,0,0,15.6,141.21199808219862,2,13600
4,3,24,2.0,2,4,1,1000,2,0,0,0,15.6,100.45466986113651,2,8600
1,4,25,1.6,2,8,0,128,2,0,0,0,13.3,127.67794013309688,0,22800
4,3,25,1.6,0,8,3,256,2,0,0,0,15.6,141.21199808219862,2,16600
4,4,26,1.9,2,8,3,256,3,256,0,0,15.6,141.21199808219862,2,26900
7,3,25,1.6,3,8,1,1000,2,0,0,0,17.3,127.33567457123111,2,18600
3,3,27,1.44,2,4,0,64,2,0,0,0,15.6,141.21199808219862,2,5000
2,3,17,1.5,0,2,0,32,2,0,0,0,14.0,111.93520355955211,2,4100
7,3,7,2.5,0,4,1,0,2,0,0,0,17.3,127.33567457123111,2,9100
4,4,26,1.8,2,16,3,512,2,0,1,0,13.3,276.053530085501,2,38800
1,4,25,1.6,2,8,0,256,2,0,0,0,13.3,127.67794013309688,0,20700
10,3,27,1.1,2,4,0,64,2,0,0,0,14.0,111.93520355955211,2,5100
0,3,24,2.7,2,4,1,1000,2,0,0,0,15.6,100.45466986113651,1,7600
4,3,25,1.6,0,8,3,128,0,1000,0,1,17.3,127.33567457123111,2,20300
7,3,25,2.5,2,4,1,1000,2,0,0,0,15.6,100.45466986113651,2,10100
7,3,25,1.6,3,8,3,256,2,0,0,0,15.6,141.21199808219862,2,18200
2,3,24,2.0,2,4,1,1000,2,0,0,0,15.6,141.21199808219862,1,8000
4,1,26,2.8,3,16,3,256,0,1000,0,1,15.6,141.21199808219862,2,31100
2,3,25,2.5,3,8,1,1000,2,0,0,0,15.6,100.45466986113651,1,10800
0,3,25,1.6,2,4,3,256,2,0,0,1,15.6,141.21199808219862,2,14100
4,0,25,1.6,3,12,1,1000,2,0,1,0,17.3,127.33567457123111,2,20700
1,4,25,2.0,2,8,3,256,2,0,0,1,13.3,226.98300468106115,0,29400
10,3,24,2.0,2,4,3,128,2,0,0,0,15.6,100.45466986113651,1,7600
2,1,23,3.0,0,8,3,256,0,1000,0,0,17.3,127.33567457123111,2,26900
4,3,25,2.5,0,4,3,256,2,0,0,0,15.6,141.21199808219862,2,13200
2,3,27,1.1,3,4,1,1000,2,0,0,0,17.3,90.58340172449303,2,9600
10,0,27,1.44,2,4,0,64,2,0,1,1,10.1,224.17380907857276,1,6600
0,3,26,1.8,3,8,3,256,2,0,0,1,15.6,141.21199808219862,2,17400
7,3,7,2.5,0,4,3,256,2,0,0,0,15.6,141.21199808219862,2,8200
7,3,26,1.8,2,8,3,512,2,0,0,0,13.3,165.6321180513006,2,22900
0,3,24,2.4,2,4,1,1000,2,0,0,0,15.6,100.45466986113651,2,7900
4,3,26,1.8,0,8,3,256,2,0,0,0,15.6,141.21199808219862,2,15900
7,3,24,2.0,2,4,3,128,2,0,0,0,15.6,141.21199808219862,2,9100
2,3,25,2.5,2,4,3,256,2,0,0,0,15.6,100.45466986113651,2,12100
11,1,26,2.8,3,16,3,256,0,2000,0,0,17.3,127.33567457123111,2,50800
2,3,24,2.0,2,4,3,256,2,0,0,0,15.6,141.21199808219862,1,8600
4,3,26,1.8,0,16,3,256,0,2000,0,0,17.3,127.33567457123111,2,26900
4,4,25,1.6,2,8,3,256,2,0,0,0,14.0,157.3505121487356,2,18200
10,3,24,2.7,2,8,3,256,2,0,0,1,14.0,157.3505121487356,1,12400
2,3,25,1.6,2,8,3,256,2,0,0,0,14.0,157.3505121487356,2,19500
7,3,25,2.5,2,8,3,256,2,0,0,0,15.6,141.21199808219862,2,14300
2,4,26,2.8,3,16,3,512,2,0,0,0,15.6,141.21199808219862,2,41200
7,3,24,2.0,0,4,1,0,2,0,0,0,15.6,100.45466986113651,2,9100
7,3,27,1.6,2,4,3,32,2,0,0,0,14.0,111.93520355955211,2,4700
10,3,25,2.5,2,4,1,1000,2,0,0,0,15.6,141.21199808219862,2,11400
2,1,26,2.8,3,12,1,1000,2,0,0,0,17.3,127.33567457123111,1,19700
13,4,25,2.5,2,4,3,128,2,0,1,0,13.5,200.84255993695703,2,22600
4,4,26,1.8,0,8,3,256,2,0,0,1,13.3,165.6321180513006,2,19800
4,3,26,1.8,0,8,3,256,2,0,0,0,15.6,141.21199808219862,2,18000
11,1,25,2.5,3,8,3,128,0,1000,0,0,17.3,127.33567457123111,2,22700
0,3,24,2.0,2,8,1,1000,2,0,0,0,14.0,111.93520355955211,2,8000
2,1,26,2.8,3,8,1,1000,2,0,0,0,15.6,141.21199808219862,2,19700
10,3,25,2.5,2,8,1,2000,2,0,0,0,15.6,141.21199808219862,1,10700
4,3,26,1.8,2,8,3,128,0,1000,0,0,15.6,141.21199808219862,2,17700
0,3,24,2.7,3,4,1,1000,2,0,0,0,15.6,141.21199808219862,2,11000
7,3,25,1.6,3,8,3,128,0,1000,0,0,17.3,127.33567457123111,2,20300
4,4,25,1.6,2,8,3,256,2,0,0,1,15.6,141.21199808219862,2,22700
1,4,25,1.3,2,8,3,512,2,0,0,1,12.0,226.41554716935852,0,31300
7,3,25,1.6,2,8,3,256,2,0,0,0,14.0,157.3505121487356,2,17800
10,3,7,2.5,0,4,3,128,2,0,0,0,15.6,141.21199808219862,2,8200
0,3,11,3.0,0,4,1,1000,2,0,0,0,15.6,100.45466986113651,2,8200
4,1,26,2.8,3,16,3,128,0,1000,0,1,15.6,141.21199808219862,2,28000
7,4,26,1.8,3,8,3,256,2,0,0,1,15.6,141.21199808219862,2,14500
7,3,25,2.5,2,8,3,256,2,0,0,0,15.6,141.21199808219862,2,12400
2,1,26,2.8,3,16,3,128,0,1000,0,1,15.6,141.21199808219862,2,30100
4,4,26,1.8,2,8,3,256,2,0,0,1,13.3,165.6321180513006,2,34200
2,1,21,3.0,0,8,1,1000,2,0,0,0,15.6,141.21199808219862,2,14500
0,3,26,1.8,3,8,1,1000,2,0,0,0,15.6,141.21199808219862,2,14300
7,3,26,1.8,2,16,3,512,2,0,0,0,13.3,165.6321180513006,2,24800
4,1,25,2.5,3,8,3,256,2,0,0,0,15.6,141.21199808219862,2,24800
2,4,26,2.7,2,8,3,256,2,0,0,0,14.0,157.3505121487356,2,21700
0,0,25,1.6,2,8,3,256,2,0,1,1,13.3,165.6321180513006,2,17500
4,3,26,2.7,0,8,1,1000,2,0,0,0,15.6,141.21199808219862,1,12400
4,3,24,2.0,0,4,3,256,2,0,0,0,15.6,141.21199808219862,1,10000
2,3,24,2.4,3,6,3,256,2,0,0,0,15.6,141.21199808219862,2,11900
7,1,26,2.8,3,12,3,128,0,1000,0,1,15.6,141.21199808219862,2,25900
7,3,26,2.7,0,8,3,256,2,0,0,0,15.6,141.21199808219862,2,14900
7,3,19,1.5,0,4,1,0,2,0,0,0,15.6,141.21199808219862,2,7200
4,3,25,1.6,0,8,1,1000,2,0,0,0,15.6,141.21199808219862,1,13400
7,4,26,2.7,3,8,3,256,2,0,0,1,13.3,165.6321180513006,2,23200
13,4,25,2.5,2,8,3,256,2,0,1,0,13.5,200.84255993695703,2,27800
7,3,25,2.5,3,6,3,256,2,0,0,1,14.0,157.3505121487356,2,13600
10,3,24,2.0,2,4,1,1000,2,0,0,0,15.6,141.21199808219862,2,8600
2,4,26,2.7,3,8,3,256,2,0,0,1,14.0,157.3505121487356,2,24700
11,1,26,2.8,3,16,3,256,0,1000,0,0,15.6,141.21199808219862,2,26900
10,3,26,2.7,2,8,3,256,2,0,0,1,14.0,157.3505121487356,2,30700
2,4,26,1.8,3,16,3,256,0,1000,0,0,15.6,141.21199808219862,2,26200
4,4,26,2.4,2,8,3,256,2,0,1,0,13.3,276.053530085501,2,28600
10,0,25,2.5,2,8,3,256,2,0,1,1,13.3,165.6321180513006,2,29000
7,3,25,1.6,2,4,1,0,2,0,0,1,14.0,111.93520355955211,2,15000
4,4,25,1.6,2,8,3,256,2,0,0,1,13.3,165.6321180513006,2,33800
7,0,25,1.6,2,8,3,256,2,0,1,1,13.3,165.6321180513006,2,29000
7,3,26,1.8,2,8,3,512,2,0,0,0,14.0,157.3505121487356,2,22500
4,3,26,1.8,3,8,3,256,0,1000,0,1,15.6,141.21199808219862,2,23400
2,3,24,2.0,3,4,1,1000,2,0,0,0,17.3,127.33567457123111,2,11700
2,3,26,1.8,3,8,3,256,2,0,0,0,15.6,141.21199808219862,2,23200
0,3,24,2.4,2,6,1,1000,2,0,1,1,15.6,141.21199808219862,2,9900
11,1,26,2.8,3,16,3,256,0,2000,0,0,15.6,141.21199808219862,2,46500
10,3,25,2.5,3,8,3,256,2,0,0,0,15.6,141.21199808219862,1,13000
7,3,26,1.8,3,16,3,512,2,0,0,0,17.3,127.33567457123111,2,26400
0,3,11,3.0,0,4,3,256,2,0,0,0,15.6,100.45466986113651,2,9300
7,3,27,1.6,2,4,1,0,2,0,0,0,15.6,100.45466986113651,1,5300
7,3,25,1.6,2,8,1,1000,2,0,0,0,14.0,157.3505121487356,2,16800
2,3,13,1.5,0,4,3,64,2,0,0,0,14.0,111.93520355955211,2,5700
4,3,26,1.8,0,16,3,256,0,2000,0,0,17.3,127.33567457123111,2,29000
7,3,25,1.6,2,8,3,256,2,0,0,0,17.3,127.33567457123111,2,19200
4,3,25,2.5,0,8,1,1000,2,0,0,0,15.6,100.45466986113651,2,13200
4,3,24,2.0,0,4,1,1000,2,0,0,0,15.6,141.21199808219862,2,9300
0,4,26,1.8,2,8,3,256,2,0,0,1,14.0,157.3505121487356,2,18300
0,3,24,2.7,3,4,3,256,2,0,0,0,15.6,141.21199808219862,2,11800
7,3,26,2.7,2,8,1,1000,2,0,0,0,15.6,100.45466986113651,2,12400
7,3,26,1.8,2,8,3,256,2,0,0,0,14.0,157.3505121487356,2,20500
10,3,27,1.1,2,4,1,1000,2,0,0,0,15.6,100.45466986113651,1,5200
2,1,25,2.5,3,8,3,128,0,1000,0,0,17.3,127.33567457123111,2,19400
10,3,25,2.5,3,4,1,1000,2,0,0,0,15.6,141.21199808219862,1,10300
7,3,25,2.5,2,4,3,256,2,0,0,1,13.3,165.6321180513006,2,14500
0,3,24,2.7,3,4,1,1000,2,0,0,1,17.3,127.33567457123111,2,13600
10,3,25,1.6,0,8,3,256,2,0,0,1,14.0,157.3505121487356,2,23100
10,1,26,2.8,3,8,3,256,2,0,0,1,15.6,141.21199808219862,1,18000
16,3,25,2.3,2,4,1,0,2,0,0,0,15.6,100.45466986113651,2,12500
7,3,7,2.5,0,4,3,256,2,0,0,0,15.6,100.45466986113651,2,7600
2,4,26,1.8,2,8,3,256,2,0,0,0,14.0,157.3505121487356,2,22800
7,4,27,1.2,2,8,3,512,2,0,1,1,12.5,352.4651472131677,2,41800
2,3,27,1.1,2,4,1,1000,2,0,0,0,15.6,141.21199808219862,2,7100
11,1,26,2.8,3,16,3,256,0,1000,0,0,17.3,127.33567457123111,2,42100
0,3,24,2.0,2,4,1,1000,2,0,0,0,15.6,100.45466986113651,2,9200
4,1,26,2.8,3,16,3,512,2,0,0,0,15.6,141.21199808219862,2,25900
4,1,26,2.8,3,8,2,1000,2,0,0,0,15.6,141.21199808219862,2,18600
10,3,25,2.5,2,4,3,128,2,0,0,0,15.6,100.45466986113651,2,10300
11,1,26,2.8,3,16,3,256,0,1000,0,0,17.3,127.33567457123111,2,39200
7,4,25,2.7,2,4,3,256,2,0,0,0,14.0,157.3505121487356,2,22400
7,3,25,1.6,0,6,3,256,2,0,0,0,15.6,141.21199808219862,2,12800
10,0,24,2.4,2,4,3,256,2,0,1,1,14.0,157.3505121487356,2,13000
2,0,25,1.6,2,8,3,256,2,0,1,0,13.3,165.6321180513006,2,27300
4,0,26,1.8,2,8,3,256,2,0,1,0,15.6,141.21199808219862,2,21700
16,3,24,2.2,2,4,1,0,2,0,0,0,15.6,100.45466986113651,2,9200
2,3,11,3.0,0,4,1,1000,2,0,0,0,15.6,100.45466986113651,2,8300
0,3,25,1.6,3,4,3,256,2,0,0,1,17.3,127.33567457123111,2,16700
4,3,25,1.6,0,8,3,256,2,0,0,0,15.6,141.21199808219862,2,15100
10,1,26,2.8,3,16,3,256,2,0,0,1,15.6,141.21199808219862,2,22400
0,3,27,1.1,2,4,1,1000,2,0,0,0,15.6,100.45466986113651,2,7200
11,1,26,2.8,3,16,3,256,0,1000,0,1,15.6,141.21199808219862,2,37300
0,3,27,1.1,2,4,1,1000,2,0,0,0,15.6,100.45466986113651,2,7500
4,1,26,2.8,3,8,3,128,0,1000,0,0,15.6,141.21199808219862,2,22000
0,3,25,1.6,3,8,3,256,2,0,0,1,17.3,127.33567457123111,2,17700
7,3,25,1.6,2,4,1,0,2,0,0,1,13.3,165.6321180513006,2,15600
8,4,25,2.5,2,8,3,256,2,0,0,1,13.0,199.69207064108247,2,28000
7,3,25,2.5,0,6,1,2000,2,0,0,1,17.3,127.33567457123111,2,14500
10,3,7,2.9,0,4,1,0,2,0,0,0,15.6,100.45466986113651,1,6400
16,3,24,2.4,2,4,1,0,2,0,0,0,15.6,100.45466986113651,2,10100
7,3,25,1.6,3,8,3,256,2,0,0,0,17.3,127.33567457123111,2,19100
4,3,24,2.4,2,8,1,1000,2,0,0,0,15.6,100.45466986113651,2,9500
0,3,24,2.0,2,4,3,128,2,0,0,0,15.6,100.45466986113651,2,9300
11,1,26,2.9,3,32,3,512,0,1000,0,0,18.4,119.7232157653423,2,58100
10,3,25,2.5,0,8,3,128,0,1000,0,0,15.6,141.21199808219862,2,16800
7,0,25,1.6,2,8,3,256,2,0,1,1,13.3,331.2642361026012,2,31100
4,3,26,1.8,0,16,3,256,0,2000,0,0,15.6,141.21199808219862,1,21700
4,4,25,1.6,2,8,3,256,2,0,0,0,13.3,165.6321180513006,2,29000
10,0,26,1.8,2,16,3,512,2,0,1,1,13.9,316.96506044349616,2,38400
16,3,25,2.5,2,8,3,128,2,0,0,0,15.6,100.45466986113651,2,16400
18,3,25,1.6,3,8,3,256,2,0,0,1,15.6,141.21199808219862,1,24900
4,3,26,1.8,3,16,3,512,2,0,1,0,17.3,127.33567457123111,2,32100
4,3,26,2.8,3,16,3,512,2,0,1,0,15.6,282.42399616439724,2,49800
10,1,25,2.5,3,8,3,256,2,0,0,1,15.6,141.21199808219862,1,16100
0,4,25,1.2,2,8,3,256,2,0,0,1,13.3,165.6321180513006,2,20500
4,3,26,1.8,0,8,3,128,0,1000,0,0,17.3,127.33567457123111,2,22500
10,0,26,2.7,2,16,3,1000,2,0,1,0,14.0,209.8006828649808,2,58600
17,3,27,1.1,2,4,0,32,2,0,0,1,14.0,157.3505121487356,2,5400
18,4,25,2.5,3,8,3,256,2,0,0,1,13.3,165.6321180513006,1,20700
10,3,25,1.6,3,8,3,256,2,0,0,0,17.3,106.11306214269258,1,14500
4,0,26,1.8,2,8,1,1000,2,0,1,1,13.3,165.6321180513006,2,17400
7,3,25,1.6,3,8,1,1000,2,0,0,1,17.3,127.33567457123111,2,18900
14,1,26,2.9,3,32,3,1000,2,0,1,0,17.3,254.67134914246222,2,126700
7,3,25,1.6,2,8,3,512,2,0,0,0,13.3,165.6321180513006,2,19900
7,1,26,2.8,3,16,3,256,0,1000,0,1,17.3,127.33567457123111,2,28600
7,3,26,1.8,3,8,3,256,2,0,0,0,17.3,127.33567457123111,2,21700
4,1,26,2.8,3,16,3,512,0,1000,0,1,15.6,282.42399616439724,2,38300
10,3,25,2.3,2,4,3,128,2,0,0,0,15.6,100.45466986113651,2,10200
0,3,26,2.7,3,8,1,1000,2,0,0,0,15.6,141.21199808219862,2,15400
10,1,26,2.8,3,16,3,512,0,1000,0,1,15.6,141.21199808219862,2,36300
4,5,27,3.0,3,16,3,256,0,1000,0,0,15.6,282.42399616439724,2,63400
10,1,26,2.8,3,16,3,512,2,0,0,0,15.6,141.21199808219862,1,29000
4,3,24,2.4,2,6,1,1000,2,0,1,0,15.6,100.45466986113651,2,9100
4,4,26,1.8,2,8,3,256,2,0,1,1,13.3,331.2642361026012,2,40400
4,4,26,1.8,2,8,3,256,2,0,0,0,13.3,165.6321180513006,2,30100
10,3,25,2.5,2,8,3,256,2,0,0,0,15.6,100.45466986113651,2,12400
0,3,26,2.8,3,8,1,1000,2,0,0,0,15.6,141.21199808219862,1,16100
2,1,26,2.8,3,16,3,256,0,1000,0,0,17.3,127.33567457123111,2,29200
7,3,24,2.0,2,4,1,0,2,0,0,0,15.6,141.21199808219862,1,7200
10,3,25,2.5,2,8,3,256,2,0,0,0,15.6,141.21199808219862,1,11400
8,4,26,2.7,2,8,3,512,2,0,0,1,13.0,199.69207064108247,2,31100
4,4,26,1.8,0,8,3,256,2,0,0,1,13.3,165.6321180513006,2,19300
10,3,25,2.5,3,8,1,1000,2,0,0,0,17.3,106.11306214269258,1,12200
7,3,26,1.8,3,8,3,256,2,0,0,0,14.0,157.3505121487356,2,21400
4,4,25,1.6,2,8,3,256,2,0,0,0,14.0,157.3505121487356,2,23800
4,0,26,1.8,2,16,3,512,2,0,1,0,13.3,165.6321180513006,2,26500
4,3,25,1.6,0,8,3,256,2,0,0,0,15.6,141.21199808219862,1,14000
10,0,25,1.6,2,8,3,256,2,0,0,1,14.0,157.3505121487356,2,18600
16,4,26,2.5,2,8,3,256,2,0,0,0,13.3,165.6321180513006,2,28300
7,3,25,1.6,2,8,1,1000,2,0,0,0,15.6,141.21199808219862,2,16400
4,1,26,2.8,3,16,3,256,0,1000,0,1,17.3,127.33567457123111,2,51000
0,3,26,2.7,3,8,3,256,2,0,0,0,15.6,141.21199808219862,2,17200
4,3,26,2.7,0,16,1,1000,2,0,1,0,15.6,141.21199808219862,2,17800
2,3,25,2.5,3,8,3,256,2,0,0,0,15.6,141.21199808219862,2,15900
2,3,25,2.5,3,8,3,256,0,0,0,0,17.3,127.33567457123111,2,18500
7,3,26,2.7,0,8,1,1000,2,0,0,0,15.6,141.21199808219862,2,26300
2,3,24,2.4,2,4,1,1000,2,0,0,0,15.6,100.45466986113651,2,8200
7,3,16,1.5,0,4,1,0,2,0,0,0,15.6,100.45466986113651,2,6800
10,1,26,2.8,3,16,3,256,0,1000,0,1,15.6,141.21199808219862,2,31100
4,3,25,2.5,2,8,3,256,2,0,0,0,14.0,157.3505121487356,2,17800
0,0,25,2.3,2,8,3,256,2,0,1,1,13.3,165.6321180513006,2,14300
4,3,26,2.7,0,16,3,256,2,0,0,0,15.6,141.21199808219862,1,18600
0,3,24,2.0,2,4,1,1000,2,0,0,0,15.6,100.45466986113651,1,8100
2,3,2,2.5,0,4,3,128,0,1000,0,0,15.6,141.21199808219862,2,11900
2,1,26,2.9,3,32,3,512,0,1000,0,0,17.3,127.33567457123111,2,80800
0,1,25,2.5,3,8,3,256,2,0,0,1,15.6,141.21199808219862,2,17500
10,3,24,2.0,2,8,3,128,2,0,0,0,15.6,100.45466986113651,2,12200
2,3,26,1.8,3,8,3,128,0,1000,0,0,17.3,127.33567457123111,2,23700
2,3,26,2.7,3,8,3,128,0,1000,0,0,17.3,127.33567457123111,1,18400
4,1,25,2.5,3,8,3,256,2,0,0,0,15.6,141.21199808219862,2,18200
10,0,26,2.7,2,8,3,256,2,0,1,1,13.9,158.48253022174808,2,22400
4,3,26,1.8,0,8,3,128,0,2000,0,0,15.6,141.21199808219862,2,20400
7,3,25,2.5,2,8,1,1000,2,0,1,0,15.6,100.45466986113651,2,11600
2,1,26,2.9,3,16,3,256,2,0,0,0,17.3,127.33567457123111,2,62300
7,3,25,1.6,2,4,1,0,2,0,0,1,13.3,165.6321180513006,2,14000
1,4,25,3.1,2,8,3,512,2,0,0,1,13.3,226.98300468106115,0,42300
4,0,26,1.8,2,8,1,1000,2,0,1,1,15.6,141.21199808219862,2,17000
2,1,26,2.8,3,16,3,256,0,1000,0,0,17.3,127.33567457123111,2,37300
2,3,11,3.0,0,4,1,1000,2,0,0,0,15.6,100.45466986113651,2,9700
10,0,26,1.8,2,8,3,512,2,0,1,1,13.9,158.48253022174808,2,38400
0,3,24,2.7,3,4,3,256,2,0,0,1,17.3,127.33567457123111,2,14500
4,4,25,1.6,2,8,3,256,2,0,0,0,13.3,165.6321180513006,2,19700
7,3,8,2.5,0,8,3,128,2,0,0,0,15.6,100.45466986113651,2,9200
7,3,26,1.8,3,16,1,1000,2,0,0,1,17.3,127.33567457123111,2,22000
11,1,26,2.8,3,16,3,512,0,1000,0,0,17.3,127.33567457123111,2,51900
10,0,26,2.8,3,8,3,512,2,0,1,1,15.6,141.21199808219862,2,35300
4,3,26,1.8,0,8,3,128,0,1000,0,0,17.3,127.33567457123111,2,23700
10,3,24,2.0,2,4,3,256,2,0,0,0,15.6,141.21199808219862,1,9200
7,3,25,1.6,2,4,1,0,2,0,0,1,15.6,141.21199808219862,2,15000
4,3,25,2.5,2,4,1,1000,2,0,0,0,15.6,141.21199808219862,2,13600
4,3,25,2.5,0,8,1,1000,2,0,0,0,15.6,141.21199808219862,2,11700
4,0,25,1.6,2,8,3,256,2,0,1,0,15.6,141.21199808219862,2,16600
2,0,26,1.8,2,8,3,512,3,512,1,0,13.3,165.6321180513006,2,31100
10,3,25,2.5,2,4,1,1000,2,0,0,0,15.6,141.21199808219862,1,9700
7,3,26,1.8,3,8,1,1000,2,0,0,0,17.3,127.33567457123111,2,21100
10,3,26,1.8,2,8,3,256,2,0,0,0,15.6,141.21199808219862,2,18200
1,4,25,2.9,2,8,3,512,2,0,0,1,13.3,226.98300468106115,0,40700
2,1,23,3.0,0,16,3,256,0,1000,0,0,17.3,127.33567457123111,2,32100
4,3,26,1.8,0,8,3,256,2,0,0,0,15.6,141.21199808219862,1,15200
10,0,26,2.6,2,16,3,512,2,0,1,0,14.0,209.8006828649808,2,51900
16,3,26,2.5,3,8,1,0,2,0,0,0,15.6,100.45466986113651,2,16800
4,3,26,2.7,2,12,1,1000,2,0,0,0,15.6,100.45466986113651,2,14800
4,3,26,1.8,0,8,3,128,0,1000,0,0,17.3,127.33567457123111,1,22800
0,3,26,1.8,3,8,1,1000,2,0,0,1,15.6,141.21199808219862,2,15400
10,3,24,2.0,2,4,1,1000,2,0,0,0,17.3,106.11306214269258,2,10100
10,3,26,1.8,3,8,1,2000,2,0,0,0,17.3,127.33567457123111,1,17600
10,3,26,2.7,3,6,3,128,0,1000,0,0,17.3,106.11306214269258,2,17800
4,3,24,2.0,0,4,1,1000,2,0,0,0,15.6,141.21199808219862,1,8800
10,1,25,2.5,3,8,3,256,2,0,0,1,15.6,141.21199808219862,2,17200
10,3,25,2.5,2,6,3,256,2,0,0,0,15.6,141.21199808219862,2,12000
0,3,26,1.8,3,8,3,256,2,0,0,1,15.6,141.21199808219862,2,19700
0,3,26,2.7,2,12,1,1000,2,0,1,1,15.6,141.21199808219862,2,13600
10,3,26,2.7,2,8,3,256,2,0,0,1,15.6,141.21199808219862,2,22700
2,4,25,2.5,3,8,3,256,2,0,0,0,15.6,141.21199808219862,2,20300
10,1,26,2.8,3,16,3,256,0,1000,0,1,15.6,141.21199808219862,2,24400
10,3,26,2.7,3,8,1,1000,2,0,0,0,15.6,141.21199808219862,1,13600
0,3,27,1.5,2,2,3,16,2,0,0,0,15.6,100.45466986113651,1,4100
2,1,26,2.8,3,8,1,1000,2,0,0,0,17.3,127.33567457123111,2,24600
7,3,24,2.0,2,8,1,1000,2,0,0,0,17.3,106.11306214269258,2,10100
4,3,26,2.8,3,8,3,256,2,0,0,0,15.6,141.21199808219862,2,38000
10,3,25,1.6,2,8,3,256,2,0,0,0,15.6,141.21199808219862,2,15300
10,1,26,2.8,3,8,1,1000,2,0,0,1,15.6,141.21199808219862,2,26900
0,3,26,2.8,3,8,3,256,2,0,0,0,15.6,141.21199808219862,1,20300
4,5,26,2.9,3,16,3,256,2,0,0,0,17.3,127.33567457123111,2,59900
10,3,0,2.4,0,6,1,1000,2,0,0,0,15.6,141.21199808219862,2,10300
2,4,26,2.7,3,16,3,512,2,0,0,0,15.6,141.21199808219862,2,30500
2,3,24,2.4,2,4,3,128,2,0,0,0,14.0,111.93520355955211,2,10500
2,1,26,2.8,3,16,3,256,0,1000,0,0,17.3,127.33567457123111,2,44000
10,3,25,2.5,3,6,1,1000,2,0,0,0,17.3,106.11306214269258,2,13400
10,3,25,2.5,3,8,1,2000,2,0,0,0,15.6,100.45466986113651,1,11400
2,1,26,2.8,3,8,3,128,0,1000,0,0,15.6,141.21199808219862,2,26200
10,3,27,1.1,2,4,1,1000,2,0,0,0,15.6,100.45466986113651,1,7400
7,0,26,2.8,2,16,3,256,2,0,1,0,13.3,165.6321180513006,2,41000
16,3,26,2.5,3,8,3,256,2,0,0,1,15.6,141.21199808219862,2,21600
10,3,25,2.5,3,8,3,128,0,1000,0,0,15.6,141.21199808219862,2,17000
7,3,24,2.0,2,4,1,1000,2,0,0,0,15.6,141.21199808219862,2,9700
10,3,25,2.5,2,8,3,256,2,0,0,1,13.3,165.6321180513006,2,20700
4,4,26,1.8,2,16,3,1000,2,0,1,1,13.3,331.2642361026012,2,51900
11,1,26,2.8,3,16,3,256,0,1000,0,1,15.6,141.21199808219862,2,43600
0,3,9,2.2,0,8,3,256,2,0,0,0,15.6,141.21199808219862,2,9700
2,0,27,1.1,2,2,0,32,2,0,1,0,11.6,135.0942111925629,2,5700
4,3,25,1.6,0,8,3,128,0,1000,0,0,15.6,141.21199808219862,2,17500
7,0,26,1.8,2,16,3,1000,2,0,1,1,13.3,331.2642361026012,2,50800
10,3,27,1.6,2,4,0,16,2,0,0,0,13.3,117.82653006268643,1,9500
7,3,25,2.5,2,8,3,256,2,0,0,0,14.0,157.3505121487356,2,20300
0,3,27,1.6,2,4,0,128,2,0,0,0,11.6,135.0942111925629,2,10000
7,3,26,2.7,2,8,3,256,2,0,0,0,14.0,157.3505121487356,2,26800
10,3,25,2.5,3,4,1,1000,2,0,0,0,17.3,106.11306214269258,2,12200
2,3,26,2.7,2,8,3,256,2,0,0,0,14.0,157.3505121487356,2,22700
7,3,26,1.8,2,8,1,1000,2,0,0,1,15.6,100.45466986113651,2,18700
0,3,4,2.7,0,8,3,256,2,0,0,0,15.6,100.45466986113651,2,13600
10,3,27,1.1,2,4,0,32,2,0,0,0,14.0,111.93520355955211,2,6000
0,3,25,2.5,2,6,1,1000,2,0,0,0,15.6,100.45466986113651,2,11400
2,4,26,2.7,3,8,3,256,2,0,0,0,15.6,141.21199808219862,2,21800
7,4,26,2.7,2,8,3,256,2,0,0,0,12.5,176.23257360658386,2,27700
4,3,26,2.8,3,32,3,1000,2,0,1,0,15.6,282.42399616439724,2,54800
11,1,26,2.8,3,8,3,256,0,1000,0,0,17.3,127.33567457123111,2,24900
16,3,25,2.5,2,8,3,256,2,0,0,1,15.6,141.21199808219862,2,19500
2,3,26,2.7,2,8,3,256,0,1000,0,0,14.0,157.3505121487356,2,27700
10,3,24,2.0,2,4,1,1000,2,0,0,0,15.6,141.21199808219862,2,9300
2,1,26,2.8,3,8,3,256,2,0,0,0,15.6,141.21199808219862,2,20700
7,3,25,2.6,2,8,3,256,2,0,0,0,14.0,157.3505121487356,2,26300
4,4,25,1.6,3,8,3,128,0,1000,0,1,15.6,141.21199808219862,2,21700
7,3,25,2.5,2,8,3,256,2,0,0,0,15.6,141.21199808219862,2,23700
2,3,27,1.1,2,4,1,1000,2,0,0,0,15.6,100.45466986113651,1,5700
4,3,25,1.6,3,8,3,256,2,0,0,0,15.6,141.21199808219862,2,23700
4,3,27,1.6,2,4,1,0,2,0,0,0,15.6,100.45466986113651,1,5700
10,3,4,3.6,0,12,1,2000,2,0,0,0,15.6,141.21199808219862,2,18600
7,3,24,2.4,3,8,1,1000,2,0,0,1,15.6,141.21199808219862,2,14800
10,0,26,1.8,2,16,3,512,2,0,1,1,13.9,316.96506044349616,2,43600
4,4,26,1.8,2,8,3,256,2,0,0,0,13.3,165.6321180513006,2,32800
10,1,26,2.8,3,16,3,256,0,2000,0,1,15.6,141.21199808219862,2,23400
7,3,27,1.6,2,2,0,32,2,0,0,0,14.0,111.93520355955211,2,5700
4,4,26,1.9,2,16,3,512,3,256,0,0,15.6,141.21199808219862,2,33400
2,0,27,1.1,2,4,0,32,2,0,1,0,11.6,135.0942111925629,2,7700
4,4,25,1.6,0,8,1,1000,2,0,0,0,15.6,141.21199808219862,2,13700
4,3,26,2.8,3,16,3,512,2,0,1,0,15.6,282.42399616439724,2,42100
7,3,26,2.7,2,8,3,256,2,0,0,0,15.6,141.21199808219862,2,27000
11,1,26,2.8,3,8,3,128,0,1000,0,0,17.3,127.33567457123111,2,29200
7,5,26,2.8,3,8,3,256,2,0,0,0,15.6,141.21199808219862,2,36100
16,3,26,2.5,3,16,3,512,2,0,0,1,15.6,141.21199808219862,2,29100
4,3,26,1.8,0,8,3,128,0,2000,0,0,15.6,141.21199808219862,2,20100
10,3,27,1.1,2,4,1,1000,2,0,0,0,15.6,100.45466986113651,1,6600
4,1,25,2.5,3,8,1,1000,2,0,0,0,15.6,141.21199808219862,2,20700
4,3,25,2.5,2,8,1,2000,2,0,1,0,15.6,100.45466986113651,2,11500
4,3,25,2.6,2,8,3,256,2,0,0,0,14.0,157.3505121487356,2,29600
7,3,24,2.0,2,4,1,0,2,0,0,0,15.6,100.45466986113651,2,9100
2,3,25,2.5,2,8,3,256,2,0,0,0,14.0,157.3505121487356,2,19600
10,3,25,2.5,3,6,3,128,0,1000,0,0,17.3,106.11306214269258,2,14900
7,3,25,2.5,2,8,1,1000,2,0,0,0,15.6,141.21199808219862,2,13200
10,3,24,2.0,3,8,3,256,2,0,0,0,15.6,100.45466986113651,1,10300
7,3,27,1.6,2,8,1,2000,2,0,0,0,15.6,100.45466986113651,2,8000
4,3,25,1.6,0,8,3,128,0,1000,0,0,17.3,127.33567457123111,2,22500
10,1,25,2.5,3,8,3,128,0,1000,0,1,15.6,141.21199808219862,1,16800
4,3,26,2.7,0,8,3,256,2,0,0,0,15.6,141.21199808219862,2,18600
7,4,26,2.7,2,8,3,256,2,0,0,1,14.0,157.3505121487356,2,36300
2,0,26,2.7,3,12,3,512,0,2000,1,0,15.6,141.21199808219862,2,22800
0,3,11,3.0,0,4,3,128,2,0,0,0,15.6,100.45466986113651,2,8800
2,1,23,3.0,0,16,3,256,0,1000,0,1,17.3,127.33567457123111,2,45600
10,3,9,2.2,0,4,3,128,2,0,0,0,17.3,106.11306214269258,2,10100
4,0,26,1.8,2,8,3,256,2,0,1,0,13.3,165.6321180513006,2,18000
7,3,11,3.0,0,4,3,256,2,0,0,0,15.6,141.21199808219862,2,10100
10,2,27,1.1,2,4,3,128,2,0,0,1,11.6,135.0942111925629,2,11400
4,3,27,1.6,2,4,1,0,2,0,0,0,15.6,100.45466986113651,2,6400
2,3,27,1.1,2,4,0,32,2,0,0,0,14.0,111.93520355955211,2,5900
0,3,26,2.8,3,8,1,1000,2,0,0,0,15.6,141.21199808219862,1,17500
7,1,26,2.8,3,8,3,128,0,1000,0,1,17.3,127.33567457123111,2,24700
10,3,24,2.0,2,4,3,128,2,0,0,0,15.6,141.21199808219862,1,8300
2,1,26,2.8,3,8,3,128,0,1000,0,1,15.6,141.21199808219862,2,34300
10,3,25,2.5,3,8,3,256,2,0,0,1,14.0,157.3505121487356,2,22800
2,4,26,2.7,2,16,3,512,2,0,1,0,13.3,165.6321180513006,2,36300
10,4,26,2.7,2,8,3,512,2,0,0,1,14.0,209.8006828649808,2,47400
10,3,24,2.4,2,4,3,128,2,0,0,1,13.3,165.6321180513006,2,11400
4,5,25,2.6,0,8,1,0,2,0,0,0,15.6,141.21199808219862,2,28400
4,5,26,2.7,3,8,3,256,2,0,0,1,15.6,141.21199808219862,2,44300
10,0,26,2.7,2,16,3,512,2,0,1,0,14.0,209.8006828649808,2,52100
2,1,26,2.8,3,8,1,1000,2,0,0,0,17.3,127.33567457123111,2,21500
2,1,26,2.8,3,16,3,256,0,1000,0,0,17.3,127.33567457123111,2,33000
0,3,25,1.6,3,12,1,1000,2,0,0,1,15.6,100.45466986113651,2,14400
11,1,26,2.8,3,8,3,256,2,0,0,0,17.3,127.33567457123111,2,28000
4,3,26,2.7,0,8,3,256,2,0,0,0,15.6,141.21199808219862,1,16100
7,4,11,3.0,0,4,3,256,2,0,0,0,15.6,141.21199808219862,2,10300
10,3,26,1.8,0,8,3,256,2,0,0,1,15.6,141.21199808219862,2,25500
10,3,25,2.5,2,8,3,256,2,0,0,1,14.0,157.3505121487356,2,19400
4,5,26,2.8,3,8,3,256,2,0,1,0,15.6,282.42399616439724,2,56300
10,4,26,2.7,2,16,3,1000,2,0,0,1,14.0,209.8006828649808,2,54500
10,3,27,1.1,2,4,1,1000,2,0,0,0,15.6,100.45466986113651,2,6300
2,1,26,2.8,3,16,3,256,0,1000,0,0,17.3,127.33567457123111,2,31700
10,3,25,1.6,0,8,3,256,0,1000,0,1,15.6,141.21199808219862,2,23700
0,3,26,2.8,3,8,3,256,2,0,0,0,15.6,141.21199808219862,1,18200
11,1,26,2.8,3,16,3,256,0,1000,0,0,17.3,127.33567457123111,2,46700
2,4,26,2.7,2,8,3,512,2,0,0,0,14.0,157.3505121487356,2,38900
16,4,26,2.5,2,16,3,512,2,0,0,0,13.3,165.6321180513006,2,36300
4,4,26,2.8,2,8,3,512,2,0,0,0,14.0,157.3505121487356,2,34900
10,3,24,2.0,2,4,1,0,2,0,0,0,15.6,141.21199808219862,2,8400
10,3,27,1.1,2,2,0,32,2,0,0,0,11.6,135.0942111925629,2,6300
10,5,26,2.8,3,8,3,512,2,0,0,0,15.6,141.21199808219862,2,39900
10,4,26,2.8,3,8,3,512,2,0,0,1,14.0,209.8006828649808,2,40300
7,3,24,2.0,0,4,1,1000,2,0,0,0,15.6,141.21199808219862,2,9700
0,0,26,2.5,2,8,3,256,2,0,1,1,13.3,165.6321180513006,2,16300
2,0,25,2.5,2,8,3,256,2,0,1,1,13.3,165.6321180513006,2,19200
4,3,25,2.5,0,4,3,256,2,0,0,0,15.6,141.21199808219862,1,12400
4,3,24,2.0,2,4,3,128,2,0,0,0,13.3,117.82653006268643,2,14300
7,4,26,2.5,2,8,3,256,2,0,0,0,14.0,157.3505121487356,2,31100
4,3,25,2.5,2,8,1,1000,2,0,0,0,15.6,100.45466986113651,2,11200
10,4,26,1.8,0,8,3,256,2,0,0,1,14.0,157.3505121487356,2,25200
10,0,26,2.8,3,16,3,512,2,0,1,1,15.6,282.42399616439724,2,39400
3,3,27,1.1,2,6,0,64,2,0,0,1,12.3,267.3384360344031,2,9300
7,3,26,2.9,2,8,3,256,2,0,0,0,15.6,141.21199808219862,2,29600
2,3,24,2.4,3,8,1,1000,2,0,0,0,15.6,141.21199808219862,1,12400
4,1,26,2.9,3,16,3,256,0,1000,0,1,17.3,169.78089942830815,2,58100
4,1,26,2.8,3,8,3,128,0,1000,0,1,15.6,141.21199808219862,2,24000
4,3,26,1.8,0,8,3,256,0,2000,0,0,15.6,141.21199808219862,2,23700
4,4,26,2.8,2,8,3,256,2,0,0,0,14.0,157.3505121487356,1,22800
7,1,26,2.8,3,12,3,256,0,1000,0,0,17.3,127.33567457123111,2,41500
12,0,27,1.1,2,4,3,32,2,0,1,1,11.6,189.90579052433606,2,6200
15,2,27,1.6,2,4,0,16,2,0,0,0,11.6,135.0942111925629,1,5500
10,3,26,2.7,2,8,3,256,2,0,0,1,13.3,165.6321180513006,2,20900
10,3,24,2.7,2,4,3,128,2,0,0,1,14.0,157.3505121487356,2,12400
10,5,26,2.8,3,16,3,512,2,0,0,1,15.6,282.42399616439724,2,50800
10,3,26,2.9,3,16,3,512,2,0,0,0,15.6,141.21199808219862,2,50800
2,1,22,3.2,0,8,3,256,0,1000,0,0,17.3,127.33567457123111,2,35200
7,3,27,1.6,2,4,1,0,2,0,0,0,15.6,100.45466986113651,2,7200
6,4,26,1.3,2,16,3,512,2,0,1,0,12.3,234.50740003017813,1,45600
10,4,26,2.7,2,24,3,512,2,0,0,0,14.0,209.8006828649808,2,49400
2,3,25,2.5,2,4,3,256,2,0,0,0,15.6,141.21199808219862,1,11600
10,3,7,2.5,0,8,1,1000,2,0,0,0,17.3,106.11306214269258,2,10700
4,3,25,1.6,0,4,3,256,2,0,0,0,15.6,141.21199808219862,2,15500
10,4,25,2.5,2,8,3,256,2,0,0,1,12.5,176.23257360658386,2,29600
10,3,27,1.1,2,4,3,128,2,0,0,0,15.6,141.21199808219862,2,7200
7,1,26,2.8,3,8,3,128,0,1000,0,1,15.6,141.21199808219862,2,22800
4,3,25,2.8,3,8,3,256,2,0,0,0,14.0,157.3505121487356,2,24400
0,3,25,2.5,2,4,1,0,2,0,0,0,15.6,100.45466986113651,1,9100
4,5,27,3.0,3,8,0,64,0,1000,0,0,15.6,141.21199808219862,2,41400
11,1,25,2.5,3,8,3,256,2,0,0,0,15.6,141.21199808219862,2,21300
13,4,26,2.5,2,16,3,512,2,0,1,0,13.5,200.84255993695703,2,53700
7,3,25,2.5,2,8,3,128,2,0,0,0,15.6,100.45466986113651,2,12200
4,5,26,2.7,3,16,3,256,2,0,0,1,15.6,141.21199808219862,2,41000
7,5,26,2.9,2,8,3,512,2,0,0,1,15.6,141.21199808219862,2,31800
10,3,25,2.5,2,8,3,256,2,0,0,0,14.0,157.3505121487356,2,27900
4,3,26,1.8,0,8,3,128,0,1000,0,0,15.6,141.21199808219862,2,20300
4,0,27,1.6,2,4,1,0,2,0,1,0,11.6,135.0942111925629,2,9900
4,3,26,2.7,3,8,1,1000,2,0,0,1,17.3,127.33567457123111,2,42500
13,4,27,2.2,2,4,3,128,2,0,1,0,13.5,200.84255993695703,2,20500
13,4,26,2.5,2,8,3,256,2,0,1,0,13.5,200.84255993695703,2,37300
7,3,24,2.0,2,8,3,256,2,0,0,0,17.3,106.11306214269258,2,13200
0,3,24,2.0,3,4,1,1000,2,0,0,0,15.6,141.21199808219862,2,11300
0,2,27,1.6,2,4,3,128,2,0,0,0,11.6,135.0942111925629,2,9000
2,3,25,2.5,2,8,1,1000,2,0,0,0,15.6,141.21199808219862,2,15500
10,3,26,2.7,0,8,3,512,2,0,0,1,14.0,157.3505121487356,1,16600
10,3,26,2.9,3,8,3,256,2,0,0,0,15.6,141.21199808219862,2,43400
2,3,27,1.1,2,4,1,0,2,0,0,0,15.6,100.45466986113651,2,6300
0,3,24,2.0,3,4,1,0,2,0,0,0,15.6,100.45466986113651,2,9700
4,3,25,1.6,0,8,1,2000,2,0,0,0,15.6,141.21199808219862,2,15700
7,1,26,2.8,3,12,1,1000,2,0,0,1,17.3,127.33567457123111,2,35300
10,4,26,2.6,2,12,3,256,2,0,0,1,14.0,209.8006828649808,2,38600
7,0,26,1.8,2,8,3,512,2,0,1,1,13.3,331.2642361026012,2,41500
7,3,25,2.5,0,8,1,0,2,0,0,0,15.6,141.21199808219862,2,23900
6,4,25,1.2,2,8,3,128,2,0,1,0,12.3,234.50740003017813,1,26400
4,4,25,1.6,2,8,3,256,2,0,1,0,13.3,165.6321180513006,2,38200
2,3,26,2.6,2,12,3,128,0,1000,0,1,15.6,282.42399616439724,2,26900
4,3,24,2.3,2,8,3,128,2,0,0,0,14.0,111.93520355955211,2,15300
4,5,26,2.8,3,8,3,256,2,0,0,0,15.6,141.21199808219862,2,50000
10,3,25,2.5,2,8,3,1,2,0,0,0,14.0,157.3505121487356,2,28300
4,3,25,1.6,0,8,1,1000,2,0,0,0,15.6,141.21199808219862,2,14000
16,3,25,2.5,2,8,3,256,2,0,0,1,13.3,165.6321180513006,2,34700
4,3,26,1.8,3,8,3,512,2,0,0,1,15.6,141.21199808219862,2,26200
4,3,24,2.4,2,4,1,1000,2,0,0,0,15.6,100.45466986113651,2,12100
7,3,25,1.6,2,4,3,128,2,0,0,1,13.3,165.6321180513006,2,15000
3,3,27,1.44,2,4,0,64,2,0,0,0,15.6,141.21199808219862,2,5100
10,3,24,2.0,2,4,3,128,2,0,0,0,15.6,100.45466986113651,2,11700
10,3,25,1.6,2,8,3,256,2,0,0,1,14.0,157.3505121487356,2,21700
4,5,26,2.7,3,16,3,512,2,0,0,1,15.6,141.21199808219862,2,48500
4,3,26,2.8,3,16,3,512,2,0,0,0,15.6,141.21199808219862,2,39400
10,4,26,2.7,2,16,3,512,2,0,0,1,12.5,176.23257360658386,2,37300
2,4,26,2.7,2,16,3,512,2,0,0,0,12.5,176.23257360658386,2,40500
10,3,25,2.5,3,8,3,256,2,0,0,1,15.6,141.21199808219862,2,21000
16,4,26,2.7,2,32,3,512,2,0,1,0,13.3,165.6321180513006,2,58100
2,1,26,2.8,3,8,3,128,0,1000,0,0,15.6,141.21199808219862,2,28000
0,3,1,2.5,0,8,1,1000,2,0,0,0,15.6,100.45466986113651,2,12000
2,1,26,2.6,3,24,3,256,0,1000,1,1,17.3,127.33567457123111,2,26300
10,4,25,2.3,2,8,3,1,2,0,0,1,12.5,125.36742798669837,2,22800
10,3,26,1.8,2,8,3,256,2,0,0,0,15.6,141.21199808219862,2,18600
7,3,26,2.8,2,8,3,1000,2,0,0,0,14.0,157.3505121487356,2,36300
10,3,24,2.4,2,8,3,256,2,0,0,1,13.3,165.6321180513006,2,19700
10,3,25,2.5,2,8,3,256,2,0,0,1,15.6,141.21199808219862,2,18900
2,2,27,1.1,2,4,0,64,2,0,0,0,11.6,135.0942111925629,2,7000
7,3,25,2.5,0,8,3,256,2,0,0,0,15.6,100.45466986113651,2,12800
10,0,25,1.6,2,8,3,256,2,0,1,1,13.9,158.48253022174808,2,33200
10,3,27,1.1,2,4,1,0,2,0,0,0,14.0,111.93520355955211,2,6200
10,2,27,1.6,2,4,3,16,2,0,0,0,11.6,135.0942111925629,1,5500
10,3,25,2.5,2,8,3,256,2,0,0,0,13.3,165.6321180513006,2,19700
2,3,26,2.7,2,8,3,256,0,1000,0,0,15.6,141.21199808219862,2,25400
0,3,25,1.6,3,4,1,1000,2,0,0,1,15.6,141.21199808219862,2,12700
7,4,26,2.7,2,8,3,512,2,0,0,1,13.3,165.6321180513006,2,27400
10,1,26,2.8,3,8,3,256,0,1000,0,1,15.6,141.21199808219862,1,23800
4,4,25,2.5,2,8,3,128,2,0,1,1,13.3,165.6321180513006,2,18600
0,3,26,2.7,3,4,1,0,2,0,0,0,15.6,141.21199808219862,2,13200
4,3,25,2.5,2,8,1,1000,2,0,0,0,15.6,141.21199808219862,2,17300
4,3,26,1.8,0,16,3,256,0,2000,0,0,15.6,141.21199808219862,2,25300
18,3,26,1.8,3,16,3,256,2,0,0,1,15.6,141.21199808219862,1,29000
2,2,27,1.1,2,2,0,32,2,0,0,0,11.6,135.0942111925629,2,5000
7,3,25,1.6,2,4,1,1000,2,0,1,0,15.6,100.45466986113651,2,10800
2,1,26,2.8,3,24,3,512,2,0,0,0,15.6,141.21199808219862,2,61600
7,3,25,2.5,3,8,3,256,2,0,0,0,15.6,141.21199808219862,2,18400
2,1,26,2.8,3,16,3,256,0,1000,0,0,17.3,127.33567457123111,2,31200
10,1,26,2.8,3,8,3,256,0,1000,0,1,15.6,141.21199808219862,2,29000
7,4,26,2.7,2,8,3,256,2,0,0,1,13.3,165.6321180513006,2,29000
4,3,25,2.6,2,8,3,256,2,0,0,0,14.0,157.3505121487356,2,26500
7,3,24,2.0,2,4,3,128,2,0,0,0,15.6,100.45466986113651,2,14300
4,3,25,1.6,0,8,3,128,0,1000,0,1,17.3,127.33567457123111,1,18400
10,3,25,2.3,2,8,3,256,2,0,0,0,14.0,157.3505121487356,2,27800
10,3,26,2.7,3,4,1,1000,2,0,0,0,15.6,141.21199808219862,2,16600
10,3,24,2.0,3,8,1,2000,2,0,0,0,15.6,100.45466986113651,1,9500
4,3,25,2.5,0,4,1,0,2,0,0,0,15.6,141.21199808219862,2,12100
4,3,25,2.8,2,8,3,256,2,0,0,0,15.6,141.21199808219862,2,28600
4,1,26,2.8,3,16,3,128,0,1000,0,1,17.3,127.33567457123111,2,62600
16,3,25,2.5,2,8,1,0,2,0,0,1,15.6,141.21199808219862,2,17800
2,3,26,2.7,3,8,3,256,0,1000,0,1,15.6,282.42399616439724,2,26900
12,3,27,1.1,2,4,3,32,2,0,0,1,13.3,165.6321180513006,2,7600
2,1,25,2.5,3,8,3,128,0,1000,0,1,15.6,141.21199808219862,2,34200
4,3,26,2.8,3,8,3,256,2,0,0,0,15.6,141.21199808219862,2,28400
4,3,25,1.6,0,8,3,256,2,0,0,0,15.6,141.21199808219862,2,16500
7,3,27,1.6,2,4,3,256,2,0,0,0,15.6,141.21199808219862,2,8200
7,1,26,2.8,3,12,1,1000,2,0,0,0,17.3,127.33567457123111,2,37300
10,3,26,2.7,3,8,3,256,2,0,0,1,14.0,157.3505121487356,2,17800
4,4,26,1.8,2,8,3,256,2,0,1,0,13.3,276.053530085501,2,29000
4,3,24,2.0,2,4,3,128,2,0,0,0,14.0,157.3505121487356,2,15200
7,4,26,2.7,2,8,3,256,2,0,0,1,13.3,276.053530085501,2,23700
0,1,25,2.5,3,8,1,1000,2,0,0,0,15.6,141.21199808219862,1,16500
2,3,14,1.8,0,4,1,0,2,0,0,0,15.6,100.45466986113651,2,7200
7,3,24,2.4,2,4,3,128,2,0,0,0,15.6,141.21199808219862,2,14600
10,3,25,2.5,2,4,1,0,2,0,0,0,14.0,157.3505121487356,2,16300
10,3,25,2.3,2,4,1,1000,2,0,0,0,15.6,141.21199808219862,1,9600
7,3,24,2.0,2,4,1,0,2,0,0,0,15.6,141.21199808219862,2,8200
10,3,26,2.7,2,8,3,512,2,0,0,1,15.6,141.21199808219862,2,35900
10,3,24,2.0,2,4,3,128,2,0,0,0,15.6,141.21199808219862,2,10300
4,3,25,2.5,2,8,3,256,2,0,0,0,15.6,141.21199808219862,2,23200
4,1,26,2.8,3,16,3,256,0,1000,0,1,17.3,127.33567457123111,2,56000
7,3,24,2.0,2,8,1,1000,2,0,0,0,17.3,106.11306214269258,2,11300
7,3,26,2.7,3,8,1,1000,2,0,0,0,17.3,127.33567457123111,2,26500
2,3,27,1.1,2,4,1,0,2,0,0,0,15.6,100.45466986113651,1,4600
12,3,27,1.44,2,4,0,32,2,0,0,1,13.3,165.6321180513006,2,5200
10,3,26,2.7,3,6,3,128,0,1000,0,0,17.3,106.11306214269258,2,19700
7,3,2,2.5,0,6,3,128,2,0,0,1,15.6,141.21199808219862,2,11800
4,3,24,2.0,0,4,1,1000,2,0,0,0,15.6,100.45466986113651,2,12800
0,0,27,2.0,2,4,0,32,2,0,1,1,11.6,189.90579052433606,2,7200
10,3,24,2.7,2,4,3,128,2,0,0,0,15.6,141.21199808219862,2,13000
7,4,27,1.2,2,16,3,512,2,0,1,1,13.3,276.053530085501,2,40800
10,3,26,2.8,3,8,3,256,2,0,0,1,17.3,127.33567457123111,2,62300
2,3,25,2.5,3,8,3,128,0,1000,0,0,15.6,141.21199808219862,2,17400
4,4,25,1.6,2,8,3,128,2,0,1,1,13.3,331.2642361026012,2,33200
4,3,25,2.6,2,4,1,0,2,0,0,0,15.6,100.45466986113651,2,19900
5,3,25,2.5,2,8,1,1000,2,0,0,0,15.6,100.45466986113651,2,15300
10,3,27,1.1,2,4,1,0,2,0,0,0,15.6,141.21199808219862,2,7100
10,3,25,2.5,2,4,1,0,2,0,0,0,14.0,111.93520355955211,2,20500
7,5,25,2.8,3,8,1,0,2,0,0,0,17.3,106.11306214269258,2,38600
7,3,27,1.6,2,8,1,2000,2,0,0,0,14.0,111.93520355955211,2,8000
7,3,12,3.0,0,6,3,256,2,0,0,1,15.6,141.21199808219862,2,13400
10,3,25,2.5,2,8,3,256,2,0,0,0,15.6,141.21199808219862,2,17200
10,3,25,1.6,2,4,1,0,2,0,0,0,15.6,141.21199808219862,2,14200
12,3,27,1.44,2,4,3,32,2,0,0,0,14.0,157.3505121487356,2,5100
16,4,26,2.7,2,16,3,512,2,0,1,0,14.0,157.3505121487356,2,38700
10,1,26,2.7,3,32,3,256,0,1000,0,1,17.3,127.33567457123111,2,55300
11,1,26,2.9,3,16,3,512,0,1000,0,0,17.3,127.33567457123111,2,56700
4,3,26,2.7,0,8,3,256,2,0,0,0,15.6,141.21199808219862,1,15500
12,3,27,1.1,2,4,3,32,2,0,0,1,14.0,157.3505121487356,2,8000
4,3,25,2.6,2,8,1,0,2,0,0,0,15.6,100.45466986113651,2,20900
7,3,24,2.4,2,4,3,128,2,0,0,0,13.3,165.6321180513006,2,14900
4,3,26,2.8,3,16,3,256,2,0,0,0,15.6,141.21199808219862,2,31900
4,2,27,1.6,2,4,0,16,2,0,0,0,11.6,135.0942111925629,1,6100
11,1,26,2.7,3,16,3,128,0,1000,0,0,17.3,127.33567457123111,2,48800
7,1,26,2.8,3,16,3,256,0,1000,0,1,17.3,127.33567457123111,2,31100
10,4,26,2.6,2,12,3,256,2,0,0,1,14.0,157.3505121487356,2,34700
10,3,26,1.8,2,12,1,1000,2,0,1,0,15.6,100.45466986113651,2,12600
2,1,25,2.5,3,8,3,128,0,1000,0,1,17.3,127.33567457123111,2,36700
2,0,25,2.5,2,8,1,1000,2,0,1,0,15.6,100.45466986113651,2,15300
10,3,4,3.6,0,12,3,512,2,0,0,0,15.6,141.21199808219862,2,19700
4,0,27,1.0,2,4,3,128,2,0,1,0,11.6,135.0942111925629,2,12500
15,3,26,2.8,3,16,3,128,0,1000,0,0,15.6,141.21199808219862,2,35300
10,3,24,2.0,2,4,1,0,2,0,0,0,17.3,127.33567457123111,1,10900
10,3,24,2.3,2,8,1,1000,2,0,0,0,15.6,100.45466986113651,2,9500
10,0,26,2.7,2,8,3,512,2,0,1,1,13.3,165.6321180513006,2,42000
10,3,25,2.5,2,8,3,256,2,0,0,1,14.0,157.3505121487356,2,30600
4,0,25,2.5,2,8,3,256,2,0,1,0,12.5,176.23257360658386,2,34700
4,5,26,2.8,3,8,3,256,2,0,1,0,15.6,141.21199808219862,2,36600
7,3,26,2.7,2,8,3,256,2,0,0,0,15.6,141.21199808219862,2,25300
7,3,24,2.4,2,4,1,0,2,0,0,0,15.6,100.45466986113651,2,13800
0,3,27,1.1,2,4,0,32,2,0,0,0,14.0,157.3505121487356,2,6800
11,1,26,2.7,3,16,3,128,0,1000,0,0,17.3,127.33567457123111,2,45600
4,3,24,2.0,0,4,1,1000,2,0,0,0,15.6,100.45466986113651,1,9600
11,1,26,2.8,3,16,3,256,0,2000,0,0,15.6,282.42399616439724,2,47700
16,3,26,2.5,2,8,3,256,2,0,0,1,15.6,141.21199808219862,2,29000
10,3,25,2.5,2,6,1,1000,2,0,0,0,15.6,141.21199808219862,2,11700
10,0,26,2.8,2,8,3,256,2,0,1,1,15.6,141.21199808219862,2,26900
0,3,27,1.6,2,4,0,128,2,0,0,0,14.0,111.93520355955211,2,7200
10,3,27,3.1,3,32,3,1000,2,0,0,1,15.6,282.42399616439724,2,101700
4,1,26,2.6,3,16,1,1000,2,0,0,0,15.6,141.21199808219862,2,18200
4,3,24,2.0,2,4,1,1000,2,0,0,0,15.6,100.45466986113651,1,9200
4,3,24,2.0,2,4,1,1000,2,0,0,0,15.6,100.45466986113651,1,7400
4,3,25,2.6,2,4,1,0,2,0,0,0,15.6,100.45466986113651,1,18000
2,1,26,2.8,3,8,3,128,0,1000,0,0,17.3,127.33567457123111,2,24200
4,3,25,2.5,0,4,3,128,2,0,0,0,15.6,141.21199808219862,1,11800
7,4,26,2.7,2,8,3,512,2,0,0,0,15.6,141.21199808219862,2,28800
11,1,26,2.8,3,16,3,256,0,1000,0,0,15.6,141.21199808219862,2,47100
0,0,27,1.6,2,4,0,32,2,0,1,1,11.6,135.0942111925629,1,7800
7,3,25,2.6,2,8,3,256,2,0,0,0,14.0,111.93520355955211,2,23300
10,3,25,2.3,2,8,3,256,2,0,0,0,14.0,157.3505121487356,2,30400
4,3,25,1.6,0,4,1,1000,2,0,0,0,15.6,141.21199808219862,2,16100
5,3,25,2.5,2,8,3,256,2,0,0,0,15.6,100.45466986113651,2,16600
7,3,25,2.3,2,4,1,0,2,0,0,0,15.6,100.45466986113651,2,19300
10,3,26,2.7,3,8,1,1000,2,0,0,0,15.6,141.21199808219862,2,18600
12,3,27,1.44,2,2,0,32,2,0,0,0,14.0,157.3505121487356,2,4900
10,3,25,2.5,2,4,3,128,2,0,0,0,15.6,141.21199808219862,1,9700
2,0,25,2.5,2,6,1,1000,2,0,1,0,13.3,165.6321180513006,2,13200
4,3,26,2.8,3,8,3,256,2,0,0,0,15.6,141.21199808219862,2,37800
2,4,26,2.7,2,16,3,512,2,0,0,0,14.0,157.3505121487356,2,39400
4,1,26,2.8,3,16,3,256,0,1000,0,0,15.6,141.21199808219862,2,30700
10,3,25,1.6,2,4,3,256,2,0,0,0,15.6,141.21199808219862,2,17200
10,3,24,2.0,3,4,1,1000,2,0,0,0,15.6,141.21199808219862,2,12000
2,3,27,1.1,2,8,1,1000,2,0,0,0,15.6,100.45466986113651,2,8200
2,3,25,2.5,3,8,1,1000,2,0,0,0,15.6,141.21199808219862,2,18800
4,4,25,1.6,2,8,3,256,2,0,1,0,13.3,276.053530085501,2,38800
10,3,27,1.6,2,2,0,32,2,0,0,0,14.0,111.93520355955211,2,5100
10,0,26,2.7,2,8,3,256,2,0,1,1,13.3,165.6321180513006,2,36500
4,3,26,2.8,3,16,3,1000,2,0,1,0,15.6,282.42399616439724,2,49800
10,1,26,2.8,3,8,3,128,0,1000,0,1,15.6,141.21199808219862,2,23000
7,3,11,3.0,0,8,1,1000,2,0,0,0,17.0,107.98564559226952,2,10800
10,4,26,2.7,2,16,3,512,2,0,0,1,14.0,157.3505121487356,2,50900
2,1,26,2.8,3,8,1,1000,2,0,0,1,15.6,141.21199808219862,1,24200
0,3,24,2.0,2,4,1,0,2,0,0,0,15.6,100.45466986113651,2,9300
10,3,27,1.6,2,4,0,32,2,0,0,0,14.0,111.93520355955211,2,5600
0,4,25,2.5,2,8,3,256,2,0,0,1,14.0,157.3505121487356,2,19000
14,1,26,2.8,3,16,3,256,2,0,0,0,14.0,157.3505121487356,2,54000
16,3,25,2.3,2,8,3,256,2,0,0,0,13.3,165.6321180513006,2,25200
10,4,26,2.7,2,8,3,256,2,0,0,1,12.5,176.23257360658386,2,32900
2,1,26,2.7,3,32,3,512,2,0,0,1,17.3,127.33567457123111,2,58100
0,1,25,2.5,3,8,1,1000,2,0,0,0,15.6,141.21199808219862,1,14700
4,4,25,1.6,2,8,3,256,2,0,0,0,13.3,165.6321180513006,2,30100
11,1,26,2.8,3,8,3,128,0,1000,0,0,15.6,141.21199808219862,2,24700
7,3,24,2.0,2,4,1,0,2,0,0,0,15.6,100.45466986113651,1,7500
16,3,25,2.5,2,8,1,0,2,0,0,1,15.6,141.21199808219862,2,22100
4,3,26,1.8,0,8,3,256,2,0,0,0,15.6,141.21199808219862,2,19000
4,3,26,1.8,0,16,3,256,0,2000,0,0,15.6,141.21199808219862,2,23500
10,1,26,2.6,3,8,3,128,0,1000,0,1,15.6,141.21199808219862,2,24800
4,1,26,2.8,3,32,3,512,0,1000,0,1,17.3,254.67134914246222,2,65300
4,3,25,2.4,2,8,3,256,2,0,0,0,14.0,157.3505121487356,2,25500
10,3,27,1.1,2,4,1,0,2,0,0,0,15.6,100.45466986113651,2,8700
10,3,25,2.3,2,4,1,0,2,0,0,0,15.6,141.21199808219862,2,11100
7,3,24,2.0,0,6,1,1000,2,0,0,0,15.6,141.21199808219862,2,11100
11,1,26,2.8,3,8,3,128,0,1000,0,0,17.3,127.33567457123111,2,30800
16,3,24,2.1,2,4,3,128,2,0,0,0,15.6,100.45466986113651,2,10300
4,3,25,2.5,2,8,1,1000,2,0,0,0,15.6,141.21199808219862,2,19800
7,3,26,2.7,0,8,1,1000,2,0,0,0,15.6,141.21199808219862,2,15400
16,3,25,2.5,2,8,3,256,2,0,0,1,15.6,141.21199808219862,2,26100
0,3,24,2.0,2,4,3,128,2,0,0,0,15.6,100.45466986113651,1,8500
13,4,26,2.8,2,8,3,256,2,0,1,0,13.5,200.84255993695703,2,38800
10,3,25,2.5,0,8,3,128,0,1000,0,0,15.6,141.21199808219862,2,16900
10,0,25,2.5,2,8,3,256,2,0,1,1,13.3,165.6321180513006,2,21400
10,3,18,2.2,0,4,3,128,2,0,0,0,15.6,100.45466986113651,2,7200
7,0,24,2.4,3,4,3,128,2,0,1,1,14.0,157.3505121487356,2,14500
11,1,26,2.8,3,16,3,256,0,1000,0,0,15.6,141.21199808219862,2,26800
2,4,25,2.5,2,8,3,256,2,0,0,0,14.0,157.3505121487356,2,23500
7,0,27,1.1,2,8,0,64,2,0,1,0,11.6,135.0942111925629,1,10200
9,4,26,1.8,2,8,3,512,2,0,0,1,15.6,141.21199808219862,2,47700
0,1,25,2.5,3,16,3,256,2,0,0,0,15.6,141.21199808219862,2,26900
11,1,25,2.5,3,8,3,256,2,0,0,0,15.6,141.21199808219862,2,20700
2,3,27,1.1,2,4,3,128,2,0,0,0,15.6,100.45466986113651,2,8700
4,1,25,2.5,3,16,3,128,0,1000,0,0,15.6,141.21199808219862,2,42600
7,3,24,2.0,0,4,3,256,2,0,0,1,17.3,127.33567457123111,2,14500
10,0,26,1.8,2,8,3,512,2,0,1,1,13.3,165.6321180513006,2,31100
4,1,26,2.9,3,16,3,256,0,1000,0,0,15.6,141.21199808219862,2,58400
7,3,25,2.5,0,4,1,0,2,0,0,0,15.6,100.45466986113651,2,12700
4,3,24,2.0,0,4,1,1000,2,0,0,0,15.6,100.45466986113651,2,11300
7,3,0,2.4,0,6,1,2000,2,0,0,1,17.3,127.33567457123111,2,11800
10,3,27,1.6,2,4,1,0,2,0,0,0,15.6,100.45466986113651,2,6600
0,3,27,1.6,2,4,0,32,2,0,0,0,14.0,111.93520355955211,1,7700
10,3,25,2.5,2,4,3,256,2,0,0,0,14.0,157.3505121487356,2,14500
7,5,26,2.8,3,8,1,0,2,0,0,0,17.3,127.33567457123111,2,39600
10,0,26,2.7,2,8,3,256,2,0,1,0,14.0,209.8006828649808,2,53800
16,3,25,2.5,2,8,3,256,2,0,0,1,13.3,165.6321180513006,2,20200
0,2,27,1.6,2,4,0,32,2,0,0,0,11.6,135.0942111925629,2,5500
10,0,26,2.7,2,16,3,512,2,0,1,0,14.0,157.3505121487356,2,36300
2,0,27,0.9,2,4,0,64,2,0,1,0,12.5,176.23257360658386,1,13900
16,4,26,2.5,2,16,3,512,2,0,1,0,13.3,165.6321180513006,2,39000
7,3,26,2.7,0,4,1,0,2,0,0,1,15.6,141.21199808219862,2,14300
4,1,25,2.5,3,8,1,1000,2,0,0,0,15.6,141.21199808219862,2,17000
10,3,11,2.9,0,4,3,256,2,0,0,0,15.6,141.21199808219862,2,8200
10,3,4,3.6,0,8,1,1000,2,0,0,0,15.6,100.45466986113651,2,8900
10,3,25,2.5,2,4,1,1000,0,1000,0,0,15.6,141.21199808219862,2,12900
10,3,24,2.0,2,4,1,0,2,0,0,0,15.6,100.45466986113651,1,9300
4,3,25,2.5,2,8,3,256,2,0,0,0,15.6,141.21199808219862,2,16500
0,0,25,1.6,2,8,3,256,2,0,1,1,13.3,165.6321180513006,2,20700
10,5,26,2.5,3,16,3,512,2,0,0,0,15.6,141.21199808219862,2,38500
10,3,25,2.3,2,8,3,256,2,0,0,0,14.0,157.3505121487356,2,24700
7,3,1,2.5,0,6,1,2000,2,0,0,1,17.3,127.33567457123111,2,13600
10,1,26,2.8,3,8,3,128,0,1000,0,1,15.6,141.21199808219862,2,25900
4,3,25,2.8,3,8,3,256,2,0,0,0,14.0,157.3505121487356,1,22600
4,3,25,2.5,2,8,1,1000,2,0,0,0,15.6,141.21199808219862,1,15000
2,3,27,1.1,2,4,0,32,2,0,0,0,14.0,157.3505121487356,2,6100
4,3,25,2.6,2,16,3,512,2,0,0,0,15.6,141.21199808219862,2,29600
10,3,25,2.5,3,8,3,256,2,0,0,1,14.0,157.3505121487356,2,17800
4,3,25,2.6,2,8,3,256,2,0,0,0,15.6,141.21199808219862,2,24400
10,3,6,2.0,0,4,1,0,2,0,0,0,15.6,100.45466986113651,2,6100
12,3,27,1.92,2,4,1,32,2,0,0,1,14.0,161.72539083525606,2,5500
7,3,26,2.7,3,8,3,256,2,0,0,0,17.3,127.33567457123111,2,24900
10,4,26,2.5,2,8,3,512,2,0,0,1,14.0,209.8006828649808,2,35000
7,0,25,2.5,2,8,3,256,2,0,1,1,13.3,117.82653006268643,2,17300
10,4,25,2.5,2,8,3,256,2,0,0,1,14.0,157.3505121487356,2,31100
4,1,26,2.8,3,32,3,1000,0,1000,0,0,17.3,254.67134914246222,2,76000
11,1,26,2.8,3,8,3,128,0,1000,0,0,17.3,127.33567457123111,2,28000
10,3,25,2.5,2,4,1,1000,2,0,0,0,15.6,100.45466986113651,1,10100
4,3,25,1.6,0,8,3,128,0,1000,0,0,15.6,141.21199808219862,2,14900
4,0,24,2.4,2,4,1,1000,2,0,1,0,13.3,165.6321180513006,2,13400
4,3,25,2.5,0,8,1,1000,2,0,0,0,15.6,100.45466986113651,1,12200
7,3,11,3.0,0,4,1,1000,2,0,0,0,15.6,141.21199808219862,2,10100
0,1,26,2.6,3,16,3,128,0,1000,0,1,17.3,127.33567457123111,2,40200
4,3,25,2.5,2,12,1,1000,2,0,0,0,15.6,100.45466986113651,2,13400
7,3,12,3.0,0,6,3,128,0,1000,0,0,15.6,141.21199808219862,2,13500
0,3,25,2.5,2,4,1,0,2,0,0,0,15.6,100.45466986113651,2,11600
10,3,25,2.5,2,8,3,256,2,0,0,1,13.3,165.6321180513006,2,19900
10,3,26,2.7,2,4,1,1000,2,0,0,0,15.6,141.21199808219862,2,16100
7,5,26,2.8,3,16,3,256,2,0,0,0,15.6,141.21199808219862,2,50200
4,0,25,1.6,2,8,1,1000,2,0,1,0,13.3,165.6321180513006,2,13600
11,1,26,2.8,3,16,3,256,0,1000,0,0,15.6,141.21199808219862,2,43500
0,3,24,2.0,2,4,1,0,2,0,0,0,15.6,100.45466986113651,2,8500
4,3,26,2.7,3,8,3,128,0,1000,0,0,15.6,141.21199808219862,2,25000
4,3,24,2.0,2,8,3,256,2,0,0,0,15.6,100.45466986113651,2,13800
16,3,25,2.5,2,8,3,256,2,0,1,1,14.0,157.3505121487356,2,31800
10,0,25,2.5,2,8,3,256,2,0,1,0,14.0,157.3505121487356,2,20700
10,5,26,2.8,3,16,3,1000,2,0,0,1,15.6,282.42399616439724,2,68500
0,3,27,1.6,2,2,0,32,2,0,0,0,14.0,111.93520355955211,1,6800
15,4,26,2.7,2,16,3,256,2,0,0,0,13.3,165.6321180513006,2,34200
7,3,24,2.0,2,8,3,256,2,0,0,0,15.6,141.21199808219862,2,11100
4,3,25,2.5,2,8,3,256,2,0,0,0,14.0,111.93520355955211,2,23400
7,5,27,2.9,3,16,3,256,2,0,0,1,17.3,127.33567457123111,2,91100
10,2,27,1.6,2,4,3,128,2,0,1,0,11.6,135.0942111925629,2,9800
7,3,25,2.4,2,8,3,256,2,0,0,0,15.6,141.21199808219862,2,39400
2,3,25,2.3,3,4,1,1000,2,0,0,0,15.6,100.45466986113651,1,12000
10,4,25,2.3,2,4,3,1,2,0,0,0,14.0,157.3505121487356,2,22700
2,3,26,2.7,2,4,3,256,2,0,0,0,15.6,100.45466986113651,2,17600
10,0,25,1.8,2,8,3,256,2,0,1,1,13.3,276.053530085501,2,24900
7,3,25,2.5,3,8,3,128,0,1000,0,1,15.6,141.21199808219862,2,22800
7,5,26,2.6,3,8,3,256,2,0,0,0,15.6,141.21199808219862,2,32400
4,1,26,2.8,3,16,3,256,0,1000,0,1,15.6,282.42399616439724,2,59600
0,3,25,2.5,2,4,3,256,2,0,0,0,15.6,100.45466986113651,2,12400
10,1,26,2.8,3,8,3,128,0,1000,0,1,15.6,141.21199808219862,2,21700
4,4,26,2.8,2,16,3,256,2,0,0,0,12.5,176.23257360658386,2,38600
6,4,25,1.2,2,8,3,256,2,0,1,0,12.3,234.50740003017813,1,32300
2,4,25,2.5,2,8,3,256,2,0,0,1,13.3,276.053530085501,2,23400
4,3,24,2.0,2,4,1,0,2,0,0,0,13.3,117.82653006268643,2,17600
0,3,25,2.3,2,4,3,128,2,0,0,0,13.3,117.82653006268643,2,13600
2,3,27,1.1,3,4,1,1000,2,0,0,0,17.3,90.58340172449303,2,9700
4,1,26,2.6,3,16,3,128,0,1000,1,1,15.6,282.42399616439724,2,22800
15,4,26,2.7,2,8,3,256,2,0,1,0,13.3,165.6321180513006,2,33200
0,3,27,1.1,2,4,1,1000,2,0,0,0,15.6,100.45466986113651,1,6100
4,3,26,2.7,0,16,3,256,2,0,0,0,15.6,141.21199808219862,2,24500
15,0,26,2.7,0,16,3,256,2,0,1,0,15.0,146.86047800548656,2,37300
16,3,25,2.3,2,4,3,128,2,0,0,1,14.0,111.93520355955211,2,21100
4,1,26,2.8,3,8,1,1000,2,0,0,0,15.6,141.21199808219862,2,22800
7,4,25,2.3,2,4,3,256,2,0,0,0,12.5,125.36742798669837,2,25800
2,0,26,2.7,3,12,1,2000,2,0,1,0,15.6,141.21199808219862,2,17400
10,3,26,2.7,3,16,3,512,2,0,0,0,15.6,282.42399616439724,2,49200
0,3,24,2.4,2,4,3,128,2,0,0,1,14.0,157.3505121487356,2,13200
14,1,26,2.8,3,16,3,512,2,0,0,0,14.0,157.3505121487356,2,60200
2,3,27,1.1,2,8,3,128,2,0,0,0,15.6,141.21199808219862,2,12000
4,1,26,2.8,3,32,3,1000,0,1000,0,1,17.3,127.33567457123111,2,74500
2,1,26,2.6,3,16,3,256,0,1000,0,1,17.3,127.33567457123111,2,48800
16,4,26,2.6,3,16,3,512,2,0,0,1,14.0,157.3505121487356,2,36600
10,3,27,1.6,2,8,1,1000,2,0,0,0,15.6,100.45466986113651,1,6800
10,4,26,2.7,2,16,3,512,2,0,0,0,14.0,157.3505121487356,2,47700
11,1,26,2.8,3,16,3,256,0,1000,0,1,14.0,157.3505121487356,2,39200
11,1,25,2.5,3,8,3,128,0,1000,0,0,15.6,141.21199808219862,2,22600
10,1,26,2.8,3,4,1,1000,2,0,0,1,15.6,141.21199808219862,2,20700
0,1,26,2.8,3,16,3,256,0,1000,0,1,17.3,127.33567457123111,2,47700
4,1,25,2.5,3,8,3,256,2,0,0,0,15.6,141.21199808219862,2,20400
2,1,26,2.8,3,8,3,128,0,1000,0,0,15.6,141.21199808219862,2,27800
17,3,27,1.1,2,4,0,32,2,0,0,0,14.0,157.3505121487356,2,4200
10,0,26,2.7,2,8,3,512,2,0,1,1,13.3,165.6321180513006,2,40900
10,0,25,2.5,0,8,3,256,2,0,1,0,15.6,141.21199808219862,2,19900
1,4,27,1.2,2,8,0,512,2,0,0,1,12.0,226.41554716935852,0,24200
10,0,25,2.5,2,8,3,256,2,0,1,1,14.0,209.8006828649808,2,48400
2,3,27,1.1,2,4,0,32,2,0,0,0,14.0,111.93520355955211,2,6200
4,3,25,2.5,2,8,3,128,2,0,0,0,15.6,100.45466986113651,2,16800
10,0,26,2.7,2,8,3,256,2,0,1,1,13.9,158.48253022174808,2,28000
4,3,24,2.0,0,8,3,256,2,0,0,0,15.6,141.21199808219862,2,15300
7,5,26,2.8,3,8,3,256,2,0,0,0,15.6,141.21199808219862,2,42900
2,3,25,2.5,2,8,3,256,2,0,0,0,15.6,141.21199808219862,2,22800
4,4,25,2.5,2,8,3,256,2,0,0,0,13.3,165.6321180513006,2,31100
4,3,25,2.5,3,8,3,256,2,0,1,0,15.6,282.42399616439724,2,36300
4,2,27,1.1,2,4,3,128,2,0,0,0,11.6,135.0942111925629,2,15400
7,2,25,2.6,2,8,3,256,2,0,0,0,12.5,125.36742798669837,2,28800
16,3,25,2.3,2,4,1,0,2,0,0,0,15.6,100.45466986113651,2,16200
7,3,3,2.5,0,8,1,2000,2,0,0,0,15.6,100.45466986113651,2,13000
4,1,26,2.8,3,16,3,512,2,0,0,0,15.6,282.42399616439724,2,34800
10,3,25,2.5,3,4,1,1000,2,0,0,0,15.6,141.21199808219862,2,12600
7,1,26,2.8,0,12,1,1000,2,0,0,1,17.3,127.33567457123111,2,36300
11,1,26,2.8,3,16,3,512,0,1000,0,0,17.3,127.33567457123111,2,50100
15,4,25,2.5,2,8,3,256,2,0,0,0,13.3,165.6321180513006,2,31100
4,3,26,2.7,3,8,1,1000,2,0,0,0,15.6,141.21199808219862,2,19900
4,3,25,2.5,0,8,3,256,2,0,0,0,15.6,141.21199808219862,2,16400
10,4,26,2.7,2,8,3,256,2,0,0,0,14.0,157.3505121487356,2,38600
14,4,26,2.5,2,16,3,512,2,0,1,1,12.5,352.4651472131677,2,37300
7,2,27,1.6,2,4,0,16,2,0,0,0,11.6,135.0942111925629,1,7900
4,1,26,2.8,3,16,3,128,0,1000,0,1,17.3,127.33567457123111,2,52000
4,3,25,2.3,2,4,1,0,2,0,0,0,14.0,111.93520355955211,2,15600
10,3,24,2.0,2,4,1,0,2,0,0,0,15.6,100.45466986113651,2,10100
16,4,25,2.5,2,4,3,128,2,0,0,0,14.0,111.93520355955211,2,22600
10,4,26,2.7,2,8,3,512,2,0,0,1,14.0,157.3505121487356,2,51900
11,1,25,2.5,3,8,3,256,2,0,0,0,15.6,141.21199808219862,2,24900
10,4,25,2.5,2,8,0,256,2,0,0,1,14.0,157.3505121487356,2,38900
16,3,27,2.1,2,4,3,128,2,0,0,0,14.0,111.93520355955211,2,10300
2,0,25,2.5,2,8,3,256,2,0,1,0,13.3,165.6321180513006,2,28200
4,3,24,2.0,2,4,1,0,2,0,0,0,14.0,111.93520355955211,2,12100
0,2,27,1.6,2,4,0,32,2,0,0,1,11.6,135.0942111925629,1,7300
0,3,24,2.4,2,8,3,128,2,0,0,1,14.0,157.3505121487356,2,12800
14,1,26,2.9,3,32,3,512,2,0,1,0,17.3,254.67134914246222,2,114200
10,4,26,2.6,2,16,3,512,2,0,0,1,14.0,209.8006828649808,2,43600
2,3,25,2.5,3,4,1,1000,2,0,0,0,15.6,141.21199808219862,1,10700
10,3,25,2.3,2,8,3,256,2,0,0,0,14.0,157.3505121487356,2,24600
10,3,25,2.6,2,8,3,256,2,0,0,1,14.0,157.3505121487356,2,34200
4,1,26,2.8,3,16,3,256,0,1000,0,0,15.6,141.21199808219862,2,57600
2,1,26,2.8,3,16,3,256,0,1000,0,0,17.3,127.33567457123111,2,50200
16,3,24,2.4,2,4,1,0,2,0,0,0,15.6,100.45466986113651,2,13900
10,3,27,1.6,2,4,0,16,2,0,0,0,14.0,111.93520355955211,1,6700
2,3,25,2.5,2,8,1,128,2,0,0,0,15.6,141.21199808219862,2,12200
2,1,26,2.6,3,16,3,512,0,1000,0,0,17.3,127.33567457123111,2,37300
4,1,26,2.8,3,32,3,512,0,1000,0,1,17.3,127.33567457123111,2,63800
7,3,25,2.5,3,8,1,1000,2,0,0,0,17.3,106.11306214269258,2,18900
4,3,25,2.5,2,8,3,128,2,0,0,0,15.6,100.45466986113651,2,14800
7,4,26,2.5,2,8,3,512,2,0,0,0,14.0,157.3505121487356,2,38800
4,3,26,2.7,0,4,3,256,2,0,0,0,15.6,141.21199808219862,2,15300
7,0,27,1.1,2,4,0,32,2,0,1,0,11.6,135.0942111925629,1,12700
2,4,25,2.3,3,8,3,512,2,0,0,1,13.3,165.6321180513006,2,21300
7,0,25,2.5,2,8,3,256,2,0,1,0,13.3,165.6321180513006,2,47300
7,4,26,2.5,2,8,3,512,2,0,0,0,14.0,157.3505121487356,2,30500
7,3,27,1.6,2,4,3,128,2,0,0,0,15.6,100.45466986113651,1,6200
2,1,26,2.8,3,16,3,128,0,1000,0,0,15.6,141.21199808219862,2,39400
4,3,26,2.7,0,8,1,1000,2,0,0,0,17.3,127.33567457123111,1,17900
10,4,26,2.8,3,8,3,256,2,0,0,1,14.0,157.3505121487356,2,39500
2,3,26,2.7,3,8,3,256,2,0,0,1,15.6,141.21199808219862,2,16300
4,3,25,2.5,2,8,3,128,2,0,0,0,15.6,141.21199808219862,2,19600
2,3,27,1.1,2,4,1,1000,2,0,0,0,15.6,100.45466986113651,2,9300
7,0,26,2.8,2,8,3,256,2,0,1,0,13.3,165.6321180513006,2,53100
4,3,25,2.3,2,8,1,1000,2,0,1,0,13.3,165.6321180513006,2,13400
10,3,24,2.0,2,4,1,1000,2,0,0,0,15.6,141.21199808219862,1,9700
10,3,25,2.5,2,8,1,1000,2,0,0,1,15.6,141.21199808219862,2,17600
7,3,25,2.6,0,8,3,256,2,0,0,0,15.6,141.21199808219862,2,28000
16,3,25,2.5,2,4,3,128,2,0,0,0,13.3,165.6321180513006,2,26700
10,1,25,2.5,3,8,1,1000,2,0,0,1,15.6,141.21199808219862,1,21100
4,4,26,2.5,2,16,3,512,2,0,1,0,13.3,276.053530085501,2,46500
7,3,25,2.3,2,4,1,0,2,0,0,0,15.6,141.21199808219862,2,18900
16,4,25,2.3,2,8,3,256,2,0,0,0,13.3,117.82653006268643,2,22700
10,0,26,2.7,2,8,3,256,2,0,1,1,13.3,165.6321180513006,2,40500
0,3,25,2.5,2,8,3,256,2,0,0,1,14.0,157.3505121487356,2,18700
4,5,26,2.8,3,8,1,1000,2,0,0,0,15.6,141.21199808219862,2,36900
10,3,25,2.5,2,4,1,0,2,0,0,0,15.6,100.45466986113651,2,21900
10,3,24,2.0,0,4,1,1000,2,0,0,0,15.6,141.21199808219862,1,9900
16,3,26,2.7,2,8,3,256,2,0,0,1,15.6,141.21199808219862,2,28800
10,3,24,2.4,2,4,3,1,2,0,0,1,13.3,165.6321180513006,2,15200
15,4,26,2.7,3,16,3,256,2,0,0,0,15.0,146.86047800548656,2,38400
4,4,26,2.8,2,8,3,256,2,0,0,0,12.5,176.23257360658386,2,35100
2,3,27,1.1,2,4,1,1000,2,0,0,0,15.6,100.45466986113651,1,8200
18,4,25,2.3,3,8,3,256,2,0,0,1,13.3,165.6321180513006,2,19400
4,3,25,2.5,3,4,3,128,0,1000,0,0,15.6,141.21199808219862,2,18900
7,3,25,2.5,2,4,3,256,2,0,0,0,15.6,141.21199808219862,2,17400
7,0,25,2.5,2,4,3,256,2,0,1,0,13.3,165.6321180513006,2,35300
7,0,25,2.5,2,4,1,0,2,0,1,0,15.6,100.45466986113651,2,14200
2,3,27,1.1,2,4,0,32,2,0,0,0,14.1,111.1413368676404,2,7200
10,3,26,2.5,3,8,1,1000,2,0,0,1,15.6,141.21199808219862,2,13900
4,3,27,1.6,2,4,1,0,2,0,0,0,15.6,100.45466986113651,2,7600
7,0,25,2.5,2,4,3,256,2,0,1,0,13.3,165.6321180513006,2,37300
4,3,24,2.0,0,4,1,1000,2,0,0,0,15.6,100.45466986113651,1,9400
2,1,25,2.5,3,12,3,128,0,1000,0,0,17.3,127.33567457123111,2,28400
0,2,27,1.6,2,4,0,32,2,0,0,1,11.6,135.0942111925629,1,6100
10,3,5,2.2,0,4,1,0,2,0,0,0,17.3,106.11306214269258,2,7800
7,3,25,2.5,2,4,3,128,2,0,0,0,14.0,157.3505121487356,2,26200
7,0,26,2.7,2,16,3,256,2,0,1,0,13.3,276.053530085501,2,29000
15,4,26,2.7,2,8,3,256,2,0,0,0,15.0,146.86047800548656,2,35300
10,4,25,2.5,2,8,3,256,2,0,0,1,14.0,157.3505121487356,2,37300
11,1,26,2.6,3,16,3,512,0,2000,0,1,17.3,254.67134914246222,2,55000
16,3,25,2.5,2,8,3,256,2,0,0,0,13.3,165.6321180513006,2,30600
4,1,26,2.8,3,8,1,1000,2,0,0,0,15.6,141.21199808219862,1,19300
7,3,26,2.7,3,8,1,1000,2,0,0,0,15.6,141.21199808219862,2,18700
4,3,24,2.0,0,4,1,1000,2,0,0,0,15.6,100.45466986113651,2,12700
4,3,25,2.6,2,8,1,0,2,0,0,0,15.6,141.21199808219862,2,19400
4,0,26,1.3,2,8,3,512,2,0,1,0,13.3,276.053530085501,2,41800
2,1,26,2.7,3,32,3,256,3,256,0,1,17.3,127.33567457123111,2,26500
4,0,26,1.3,2,16,3,256,2,0,1,0,13.3,165.6321180513006,2,34200
10,4,26,2.7,2,8,0,256,2,0,0,1,14.0,157.3505121487356,2,42500
10,3,25,2.5,2,8,3,512,2,0,0,1,15.6,141.21199808219862,2,40700
9,4,26,2.7,2,16,3,512,2,0,1,1,15.6,141.21199808219862,2,43600
7,2,26,2.7,2,8,3,512,2,0,0,0,12.5,176.23257360658386,2,30800
0,3,27,1.5,2,4,0,16,2,0,0,1,15.6,141.21199808219862,1,7400
10,3,25,2.3,3,8,3,128,0,1000,0,1,15.6,141.21199808219862,2,16300
9,4,26,2.7,2,8,3,512,2,0,1,1,14.0,157.3505121487356,2,39400
4,3,25,2.8,2,8,3,256,2,0,0,0,14.0,157.3505121487356,2,25000
7,4,27,1.2,2,8,3,2,2,0,1,0,12.5,352.4651472131677,2,64400
10,3,26,2.7,3,6,3,256,2,0,0,0,15.6,141.21199808219862,2,16300
7,3,26,2.7,3,8,3,256,2,0,0,0,15.6,141.21199808219862,2,21100
0,3,24,2.4,2,4,1,1000,2,0,0,0,15.6,141.21199808219862,2,10300
10,3,25,2.5,2,4,3,128,2,0,0,0,13.3,165.6321180513006,2,18300
7,3,25,2.5,2,8,3,256,2,0,0,0,13.3,165.6321180513006,2,19900
11,1,26,2.8,3,16,3,256,0,1000,0,0,17.3,127.33567457123111,2,33200
4,1,26,2.8,3,16,3,128,0,1000,0,0,15.6,141.21199808219862,2,28000
11,1,25,2.5,3,8,3,128,0,1000,0,0,15.6,141.21199808219862,2,23200
4,3,25,2.5,0,4,1,1000,2,0,0,0,15.6,100.45466986113651,2,14200
7,4,26,2.5,0,8,3,256,2,0,0,0,15.6,141.21199808219862,2,26900
7,4,26,2.7,2,8,3,256,2,0,1,0,13.3,276.053530085501,2,23800
16,3,26,2.6,3,16,3,256,2,0,0,1,15.6,141.21199808219862,2,41000
10,0,25,2.5,2,8,3,512,2,0,1,1,13.3,165.6321180513006,2,37900
4,3,25,2.3,2,4,1,0,2,0,0,0,15.6,100.45466986113651,2,15100
10,4,26,2.7,2,8,3,256,2,0,0,1,12.5,176.23257360658386,2,34200
7,3,25,2.3,2,8,3,256,2,0,0,0,15.6,141.21199808219862,2,24200
4,3,25,2.5,2,4,1,1000,2,0,0,0,15.6,100.45466986113651,2,14700
7,3,25,2.3,2,4,1,0,2,0,0,0,14.0,111.93520355955211,2,23800
10,3,27,1.1,2,4,1,1000,2,0,0,0,15.6,100.45466986113651,2,6400
7,4,25,2.3,2,4,1,0,2,0,0,0,12.5,176.23257360658386,2,32800
7,3,27,1.6,2,4,1,1000,2,0,0,0,15.6,100.45466986113651,1,6000
10,0,26,2.2,2,16,3,1000,2,0,1,1,13.3,276.053530085501,2,37300
16,3,25,2.3,2,4,3,128,2,0,0,1,14.0,157.3505121487356,2,22900
7,2,25,2.3,2,8,3,256,2,0,0,0,12.5,176.23257360658386,2,34600
4,3,24,2.0,2,4,1,1000,2,0,0,0,15.6,100.45466986113651,2,11600
11,1,26,2.8,3,8,3,128,0,1000,0,0,15.6,141.21199808219862,2,24900
4,4,25,2.5,2,8,3,256,2,0,0,0,14.0,157.3505121487356,2,34000
4,1,26,2.7,3,16,3,512,0,1000,0,0,17.3,169.78089942830815,2,57300
7,1,25,2.3,3,8,3,128,0,1000,0,1,17.3,127.33567457123111,2,29000
2,3,27,1.6,3,4,1,1000,2,0,0,0,17.3,106.11306214269258,2,11000
0,3,25,2.5,2,4,1,0,2,0,0,0,15.6,100.45466986113651,2,12800
16,3,25,2.3,2,8,3,256,2,0,0,0,15.6,100.45466986113651,2,23200
10,0,27,1.2,2,8,3,256,2,0,1,1,11.3,194.94753717542463,2,26900
10,1,20,2.1,0,16,3,512,0,1000,0,1,15.6,141.21199808219862,2,20700
4,4,25,2.5,2,8,3,256,2,0,1,0,12.5,176.23257360658386,2,30500
10,3,26,2.7,3,8,1,1000,2,0,0,0,15.6,141.21199808219862,1,14200
4,3,24,2.0,0,4,1,1000,2,0,0,0,17.3,106.11306214269258,2,13600
0,3,27,1.6,2,4,0,32,2,0,0,0,14.0,111.93520355955211,1,7200
7,5,26,2.7,3,8,3,8,2,0,0,1,15.6,141.21199808219862,2,46700
4,4,26,2.8,2,8,3,256,2,0,0,0,14.0,157.3505121487356,2,36800
16,3,25,2.3,2,8,3,256,2,0,0,0,13.3,165.6321180513006,2,30300
2,0,27,1.2,2,8,0,64,2,0,0,0,12.5,176.23257360658386,1,24000
10,4,26,2.6,2,8,3,256,2,0,0,1,14.0,157.3505121487356,2,30900
4,1,26,2.8,3,16,3,512,0,1000,0,1,17.3,254.67134914246222,2,65500
4,0,25,1.2,2,8,3,256,2,0,1,0,13.3,165.6321180513006,2,39400
7,0,27,1.1,2,4,3,256,2,0,1,0,11.6,135.0942111925629,2,16100
4,4,26,2.5,2,8,3,256,2,0,0,0,13.3,276.053530085501,2,26300
0,0,27,1.6,2,4,0,32,2,0,1,1,11.6,135.0942111925629,1,8000
16,3,25,2.4,2,8,3,256,2,0,0,0,13.3,165.6321180513006,2,31800
10,4,25,2.6,2,8,3,256,2,0,0,1,12.5,176.23257360658386,2,36500
0,3,25,2.5,3,12,3,128,0,1000,0,0,15.6,141.21199808219862,2,20900
16,4,26,2.7,2,8,3,512,2,0,1,0,12.5,176.23257360658386,2,37100
7,3,25,2.5,3,8,1,1000,2,0,0,0,15.6,100.45466986113651,2,17500
4,3,24,2.0,0,4,1,1000,2,0,0,0,15.6,100.45466986113651,1,9600
4,3,25,2.5,2,4,1,0,2,0,0,0,15.6,100.45466986113651,2,17100
7,3,24,2.4,2,4,1,0,2,0,0,0,15.6,141.21199808219862,2,14200
4,1,26,2.8,3,32,3,256,0,1000,0,1,17.3,127.33567457123111,2,65400
10,3,25,2.5,3,6,3,256,2,0,0,0,15.6,141.21199808219862,2,14400
4,0,26,1.3,2,16,3,512,2,0,1,0,13.3,276.053530085501,2,39400
4,4,26,2.6,2,8,3,256,2,0,1,0,14.0,209.8006828649808,2,40700
4,1,26,2.6,3,32,3,256,0,1000,0,0,17.3,127.33567457123111,2,58100
16,3,25,2.3,2,8,3,256,2,0,0,0,14.0,157.3505121487356,2,24500
2,1,26,2.8,3,16,3,256,0,1000,0,0,17.3,127.33567457123111,2,42500
7,3,25,2.7,3,8,3,128,0,1000,0,1,15.6,141.21199808219862,2,20300
10,3,25,2.3,2,4,2,8,2,0,0,0,14.0,111.93520355955211,2,20800
2,0,26,2.7,3,16,3,512,0,2000,1,0,15.6,282.42399616439724,2,37300
7,3,26,2.7,2,6,1,1000,2,0,0,0,15.6,100.45466986113651,2,12000
2,1,26,2.8,3,16,3,256,0,1000,0,0,17.3,127.33567457123111,2,36300
4,0,26,2.7,2,12,3,512,2,0,1,1,15.6,141.21199808219862,2,26900
16,3,25,2.3,2,4,3,128,2,0,0,0,13.3,165.6321180513006,2,24800
10,3,4,3.6,0,6,3,256,2,0,0,0,15.6,141.21199808219862,2,11400
5,3,25,2.3,2,4,3,256,2,0,0,0,15.6,100.45466986113651,2,13400
16,3,25,2.3,2,4,1,0,2,0,0,0,14.0,111.93520355955211,2,19000
4,3,25,2.5,0,4,1,0,2,0,0,0,15.6,100.45466986113651,2,12400
7,3,25,2.5,2,8,1,1000,2,0,0,0,15.6,141.21199808219862,2,16700
10,1,26,2.8,3,8,3,128,0,1000,0,1,15.6,141.21199808219862,2,24700
4,3,26,2.7,0,8,1,1000,2,0,0,0,15.6,100.45466986113651,2,15500
4,3,25,2.5,2,8,3,128,2,0,0,0,14.0,157.3505121487356,2,23200
7,2,27,1.2,2,8,3,512,2,0,0,0,12.5,176.23257360658386,2,39600
7,3,24,2.0,0,4,3,128,0,1000,0,0,15.6,141.21199808219862,2,10300
10,3,27,1.1,2,4,3,128,2,0,0,0,15.6,100.45466986113651,1,5600
10,3,25,2.3,2,8,3,256,2,0,0,0,15.6,141.21199808219862,2,28000
4,0,25,2.5,2,8,3,256,2,0,1,0,13.3,165.6321180513006,2,18400
2,3,25,2.5,2,8,3,256,2,0,0,0,13.3,276.053530085501,2,23800
7,4,26,2.7,2,8,3,256,2,0,1,1,13.3,165.6321180513006,2,28000
0,3,27,1.1,2,4,1,0,2,0,0,0,15.6,100.45466986113651,2,7800
2,1,26,2.8,3,16,3,256,0,1000,0,0,15.6,141.21199808219862,2,37300
7,4,26,2.7,2,8,3,512,2,0,0,0,14.0,157.3505121487356,2,43400
0,1,26,2.8,3,8,3,128,0,1000,0,1,15.6,141.21199808219862,2,26100
7,3,25,2.5,2,8,3,256,2,0,0,1,13.3,165.6321180513006,2,24700
4,3,24,2.4,2,4,3,128,2,0,0,0,15.6,100.45466986113651,2,11300
7,3,25,2.5,2,4,1,0,2,0,0,0,14.0,111.93520355955211,2,16100
16,3,25,2.3,2,4,3,128,2,0,0,0,13.3,165.6321180513006,2,24800
7,3,25,2.4,2,4,3,256,2,0,0,0,14.0,111.93520355955211,2,22800
7,3,25,2.5,2,4,3,256,2,0,0,0,14.0,157.3505121487356,2,25000
7,4,26,2.6,2,8,3,256,2,0,0,0,14.0,157.3505121487356,2,30100
7,3,25,2.5,3,8,3,256,2,0,0,0,14.0,157.3505121487356,2,21800
7,3,24,2.4,2,4,1,0,2,0,0,0,14.0,111.93520355955211,2,14200
4,1,25,2.5,3,8,2,1000,2,0,0,0,15.6,141.21199808219862,2,19700
7,4,25,2.5,2,4,1,0,2,0,0,0,12.5,176.23257360658386,2,31900
7,3,25,2.5,2,4,3,256,2,0,0,0,14.0,157.3505121487356,2,33000
7,4,26,2.5,2,8,3,256,2,0,0,0,14.0,157.3505121487356,2,39200
7,3,24,2.4,2,4,1,0,2,0,0,0,13.3,117.82653006268643,2,16600
16,3,25,2.3,2,8,3,256,2,0,0,0,13.3,117.82653006268643,2,25100
7,3,24,2.4,2,4,3,256,2,0,0,0,15.6,100.45466986113651,2,15900
10,3,26,2.7,3,16,3,512,2,0,0,1,17.3,254.67134914246222,2,61600
16,3,25,2.3,2,8,3,256,2,0,0,1,14.0,157.3505121487356,2,30900
7,3,26,2.5,2,8,3,256,2,0,0,0,14.0,157.3505121487356,2,46300
4,0,24,2.3,2,4,1,1000,2,0,1,1,15.6,141.21199808219862,2,16500
16,4,25,2.3,2,8,3,256,2,0,0,0,13.3,165.6321180513006,2,33000
7,3,25,2.5,2,8,3,256,2,0,0,1,13.3,165.6321180513006,2,23800
7,3,26,2.7,3,8,3,256,2,0,0,0,14.0,157.3505121487356,2,24600
4,3,25,2.4,2,8,1,0,2,0,0,0,15.6,141.21199808219862,2,21700
7,4,25,2.5,2,4,3,256,2,0,0,0,12.5,125.36742798669837,2,32300
7,3,25,2.5,2,4,1,0,2,0,0,0,14.0,111.93520355955211,2,24700
7,3,25,2.5,2,4,1,0,2,0,0,0,14.0,111.93520355955211,2,22000
4,4,25,2.5,2,8,3,256,2,0,1,0,13.3,276.053530085501,2,33700
7,3,25,2.5,3,8,3,256,2,0,0,0,17.3,127.33567457123111,2,22400
7,3,25,2.5,2,4,3,256,2,0,0,0,14.0,111.93520355955211,2,20200
0,3,11,3.0,0,6,1,1000,2,0,0,0,15.6,100.45466986113651,2,8400
11,1,26,2.8,3,8,3,128,0,1000,0,0,17.3,127.33567457123111,2,24700
7,3,25,2.3,2,8,3,256,2,0,0,0,14.0,157.3505121487356,2,24800
7,3,26,2.5,2,8,3,256,2,0,0,0,15.6,141.21199808219862,2,25500
7,4,26,2.5,2,8,3,256,2,0,0,0,12.5,176.23257360658386,2,28000
7,3,25,2.5,2,4,1,0,2,0,0,0,15.6,100.45466986113651,2,15400
16,4,26,2.6,2,8,3,256,2,0,0,1,14.0,157.3505121487356,2,35800
4,3,25,2.4,2,8,3,256,2,0,0,0,15.6,141.21199808219862,2,22000
7,3,25,2.5,2,8,3,256,2,0,0,0,14.0,157.3505121487356,2,20900
10,0,26,2.5,2,4,3,256,2,0,1,1,15.6,141.21199808219862,2,17500
17,3,27,1.44,2,2,0,32,2,0,0,0,14.0,111.93520355955211,2,4300
16,3,26,2.5,3,16,3,256,2,0,0,1,15.6,141.21199808219862,2,29600
10,3,25,2.3,2,8,3,256,2,0,0,0,15.6,141.21199808219862,2,21800
7,3,25,2.3,2,4,1,0,2,0,0,0,14.0,157.3505121487356,2,20700
7,3,25,2.4,2,8,3,256,0,0,0,0,15.6,141.21199808219862,2,43700
7,3,25,2.3,2,8,3,256,2,0,0,0,14.0,157.3505121487356,2,30500
11,1,26,2.7,3,16,3,256,0,1000,0,1,17.3,127.33567457123111,2,32100
10,1,26,2.6,3,16,3,128,0,1000,0,1,17.3,127.33567457123111,2,47500
2,2,27,1.6,2,4,0,16,2,0,0,0,11.6,135.0942111925629,1,5900
10,3,26,2.6,2,16,3,256,2,0,0,1,14.0,209.8006828649808,2,54400
7,3,26,2.7,3,8,1,1000,2,0,0,1,15.6,141.21199808219862,2,20300
4,0,25,2.7,2,8,3,256,2,0,1,1,15.6,141.21199808219862,2,22700
7,3,25,2.5,2,4,3,256,2,0,0,0,15.6,100.45466986113651,2,20300
4,4,26,2.7,2,16,3,1000,2,0,1,0,13.3,276.053530085501,2,46800
7,3,24,2.3,2,4,1,0,2,0,0,0,15.6,100.45466986113651,2,14600
7,3,25,2.5,2,4,1,0,2,0,0,0,15.6,100.45466986113651,1,10300
0,3,9,2.2,0,8,1,1000,2,0,0,0,15.6,100.45466986113651,2,9300
4,0,26,2.7,2,12,3,256,2,0,1,1,13.3,165.6321180513006,2,26900
11,1,26,2.6,3,16,3,256,0,1000,0,0,15.6,141.21199808219862,2,37700
7,3,26,2.7,2,8,3,256,2,0,0,0,15.6,141.21199808219862,2,22200
2,1,26,2.6,3,16,1,1000,2,0,0,1,17.3,127.33567457123111,1,20700
4,3,25,2.5,2,4,1,1000,2,0,0,0,15.6,141.21199808219862,2,11600
4,3,26,2.7,0,16,1,2000,2,0,0,0,15.6,141.21199808219862,2,20500
11,1,26,2.6,3,16,3,256,0,1000,0,0,15.6,141.21199808219862,2,40000
4,4,26,2.7,2,8,3,256,2,0,0,0,13.3,165.6321180513006,2,30200
2,1,26,2.7,3,64,3,1000,2,0,0,1,17.3,127.33567457123111,2,82500
4,0,26,2.5,2,8,3,256,2,0,1,0,13.3,165.6321180513006,2,16500
4,1,26,2.6,3,16,3,256,0,1000,0,0,15.6,282.42399616439724,2,27600
1,4,27,1.1,2,8,0,256,2,0,0,1,12.0,226.41554716935852,0,27000
4,3,24,2.3,2,4,1,0,2,0,0,0,15.6,100.45466986113651,2,10000
7,3,25,2.3,2,4,1,0,2,0,0,0,15.6,100.45466986113651,2,24900
7,4,25,2.3,2,8,3,256,2,0,0,0,12.5,176.23257360658386,2,24900
7,3,26,2.7,2,8,3,256,2,0,0,0,13.3,165.6321180513006,2,22600
10,4,26,2.5,2,8,3,256,2,0,1,1,12.5,176.23257360658386,2,35600
10,3,25,2.3,0,8,1,1000,2,0,0,0,17.3,106.11306214269258,2,13600
10,3,25,2.3,3,4,1,1000,2,0,0,1,15.6,141.21199808219862,2,20300
11,1,26,2.8,3,16,3,256,0,1000,0,0,17.3,127.33567457123111,2,51900
10,3,25,2.3,2,4,1,0,2,0,0,0,15.6,100.45466986113651,2,11200
7,3,25,2.3,2,4,1,0,2,0,0,0,15.6,141.21199808219862,2,19500
10,4,27,1.2,2,8,3,512,2,0,1,1,12.5,234.9767648087785,2,29000
10,1,26,2.7,3,32,3,512,1,1000,0,1,17.3,127.33567457123111,2,67300
10,0,27,1.44,2,4,0,64,2,0,1,1,10.1,224.17380907857276,2,13400
7,4,26,2.7,2,16,3,512,2,0,0,1,13.3,331.2642361026012,2,42500
4,3,25,2.5,2,8,3,256,2,0,0,0,15.6,141.21199808219862,2,15500
7,3,25,2.3,2,4,1,0,2,0,0,0,14.0,157.3505121487356,2,21400
7,5,26,2.5,0,8,3,256,2,0,0,0,15.6,141.21199808219862,2,31000
10,3,25,2.3,2,8,3,1,2,0,0,0,14.0,157.3505121487356,2,24900
7,3,27,1.5,2,4,0,32,2,0,0,0,13.3,276.053530085501,1,12700
0,3,9,2.2,0,4,1,0,2,0,0,0,15.6,100.45466986113651,2,8000
4,3,27,1.6,2,4,1,0,2,0,0,0,15.6,100.45466986113651,1,8100
7,3,24,2.0,2,4,1,1000,2,0,0,0,15.6,100.45466986113651,1,7100
2,1,26,2.8,3,8,3,256,0,1000,0,1,17.3,127.33567457123111,2,33200
4,4,25,1.6,0,4,3,256,2,0,0,1,13.3,165.6321180513006,2,17000
7,2,25,2.3,2,4,3,128,2,0,0,0,12.5,125.36742798669837,2,33200
0,3,25,2.5,3,8,3,256,0,1000,0,0,15.6,141.21199808219862,2,16600
4,3,25,2.5,0,8,1,1000,2,0,0,0,15.6,141.21199808219862,2,13200
11,1,26,2.6,3,8,3,256,2,0,0,0,17.3,127.33567457123111,2,33200
7,3,27,1.6,2,4,1,1000,2,0,0,0,15.6,100.45466986113651,2,10300
2,1,26,2.6,3,16,3,128,0,1000,0,1,17.3,127.33567457123111,2,47700
4,4,24,2.3,2,4,1,0,2,0,0,0,12.5,125.36742798669837,2,23500
4,4,24,2.3,2,4,3,128,2,0,0,0,12.5,125.36742798669837,2,24200
0,3,27,1.5,2,4,3,16,2,0,0,0,15.6,100.45466986113651,1,4300
7,5,26,2.6,0,8,1,1000,2,0,0,1,17.3,127.33567457123111,2,60200
10,1,26,2.8,3,16,3,512,2,0,0,0,15.6,141.21199808219862,2,24900
4,4,25,2.3,2,8,3,256,2,0,0,0,12.5,125.36742798669837,2,29300
11,1,26,2.6,3,8,3,128,0,1000,0,0,17.3,127.33567457123111,2,31400
10,0,25,2.3,2,4,3,256,2,0,1,1,15.6,141.21199808219862,2,18000
7,3,7,2.5,0,4,1,1000,2,0,0,0,15.6,141.21199808219862,2,8200
2,1,26,2.6,3,16,3,128,0,1000,0,1,15.6,141.21199808219862,2,27800
7,3,27,1.1,2,8,3,256,2,0,1,0,13.3,276.053530085501,2,35300
4,3,25,2.3,0,4,1,0,2,0,0,0,15.6,100.45466986113651,2,15900
10,3,24,2.0,2,4,3,128,2,0,0,0,15.6,100.45466986113651,2,8900
7,4,26,2.5,2,8,3,512,2,0,0,0,13.3,165.6321180513006,2,40900
10,0,27,1.44,2,4,0,64,2,0,1,1,10.1,224.17380907857276,1,11400
4,4,26,2.4,2,8,3,256,2,0,0,0,13.3,165.6321180513006,2,28600
10,1,26,2.7,3,16,3,256,1,1000,0,1,17.3,127.33567457123111,2,57100
14,4,26,2.5,2,8,3,256,2,0,1,0,12.5,352.4651472131677,2,21300
16,4,26,2.7,2,16,3,512,2,0,0,0,13.3,165.6321180513006,2,46200
2,1,26,2.6,3,8,3,128,0,1000,0,0,17.3,127.33567457123111,2,27200
17,3,27,1.44,2,4,0,32,2,0,0,0,13.3,165.6321180513006,2,4000
7,3,25,2.3,2,8,3,256,2,0,0,0,13.3,165.6321180513006,2,35100
7,3,25,2.3,2,8,3,256,2,0,0,0,14.0,157.3505121487356,2,31400
4,3,25,2.3,2,4,1,0,2,0,0,0,15.6,100.45466986113651,1,10800
2,3,24,2.4,2,4,1,1000,2,0,0,0,15.6,100.45466986113651,2,9000
10,0,26,2.5,2,8,3,256,2,0,1,1,14.0,157.3505121487356,2,34600
10,0,27,1.44,2,4,0,64,2,0,1,1,10.1,224.17380907857276,2,9900
7,4,25,2.4,2,8,3,256,2,0,0,0,12.5,125.36742798669837,2,39300
10,1,25,2.5,3,8,3,128,0,1000,0,1,15.6,141.21199808219862,1,20500
7,1,25,2.3,3,8,3,128,0,1000,0,1,17.3,127.33567457123111,2,23400
7,3,26,2.7,2,8,1,2000,2,0,0,0,15.6,100.45466986113651,2,13000
10,0,26,2.6,3,8,3,512,2,0,1,1,14.0,157.3505121487356,2,42600
2,3,27,1.1,2,4,0,32,2,0,0,0,14.0,111.93520355955211,2,5700
7,4,26,2.7,2,8,3,256,2,0,0,0,15.6,141.21199808219862,2,15600
0,3,25,2.5,3,4,1,1000,2,0,0,0,15.6,141.21199808219862,2,12700
10,3,26,2.5,0,16,2,1000,2,0,0,0,15.6,141.21199808219862,2,22800
7,5,26,2.6,3,8,3,256,2,0,0,1,17.3,127.33567457123111,2,82000
4,3,25,2.5,0,8,1,1000,2,0,0,0,15.6,100.45466986113651,2,16200
11,1,26,2.7,3,16,3,256,0,1000,0,0,17.3,127.33567457123111,2,49800
7,4,26,2.5,2,8,3,256,2,0,0,0,15.6,141.21199808219862,2,45100
10,0,26,2.6,2,16,3,512,2,0,1,1,14.0,209.8006828649808,2,50700
11,1,26,2.8,3,8,3,128,0,1000,0,0,15.6,141.21199808219862,2,23700
7,0,25,2.4,2,8,3,256,2,0,1,0,13.3,165.6321180513006,2,33800
7,5,26,2.6,3,8,3,256,2,0,0,1,15.6,141.21199808219862,2,46300
7,0,26,2.6,2,8,3,256,2,0,1,0,13.3,220.84282406840083,2,37300
7,5,26,2.6,3,8,3,256,2,0,0,0,15.6,141.21199808219862,2,39400
7,4,26,2.5,2,8,3,256,2,0,0,0,12.5,176.23257360658386,2,47700
4,3,26,2.7,3,8,3,256,2,0,0,0,15.6,141.21199808219862,2,20900
7,3,25,2.3,2,8,3,256,2,0,0,0,15.6,141.21199808219862,2,32800
10,0,26,2.5,2,8,3,256,2,0,1,1,14.0,209.8006828649808,2,48600
10,3,24,2.0,2,4,1,1000,2,0,0,0,15.6,100.45466986113651,1,7000
7,3,14,1.8,0,4,1,0,2,0,0,0,15.6,100.45466986113651,2,6100
10,3,25,2.3,0,8,1,1000,2,0,0,0,15.6,141.21199808219862,1,12400
4,1,26,2.8,3,8,1,1000,2,0,0,0,15.6,141.21199808219862,2,24900
4,3,25,2.3,3,8,3,256,2,0,1,1,15.6,282.42399616439724,2,46700
7,3,8,2.5,0,4,3,256,2,0,0,0,15.6,141.21199808219862,2,9900
11,1,26,2.8,3,16,3,256,0,1000,0,0,17.3,127.33567457123111,2,31000
10,4,26,2.6,2,12,3,512,2,0,0,0,14.0,157.3505121487356,2,47700
10,3,25,2.3,0,8,2,1000,2,0,0,0,15.6,141.21199808219862,2,16300
7,0,26,2.6,2,8,3,512,2,0,1,0,13.3,220.84282406840083,2,42400
10,4,26,2.6,2,8,3,256,2,0,0,0,14.0,157.3505121487356,2,31100
11,1,26,2.6,3,16,3,256,0,1000,0,0,14.0,157.3505121487356,2,36700
7,1,26,2.8,3,8,1,1000,2,0,0,1,15.6,141.21199808219862,2,18600
10,3,24,2.0,2,8,1,1000,2,0,0,0,15.6,100.45466986113651,2,9500
7,3,25,2.3,2,4,1,0,2,0,0,0,15.6,100.45466986113651,1,9900
4,1,26,2.8,3,8,3,128,0,1000,0,0,15.6,282.42399616439724,2,31100
10,3,25,2.5,2,8,3,256,2,0,0,1,15.6,141.21199808219862,2,28800
10,3,24,2.0,3,4,1,1000,2,0,0,0,15.6,141.21199808219862,2,9700
7,3,27,1.6,2,2,0,32,2,0,0,0,14.0,111.93520355955211,2,5100
11,1,26,2.7,3,8,1,1000,2,0,0,1,15.6,141.21199808219862,2,17400
7,3,26,2.5,2,8,3,256,2,0,0,0,15.6,141.21199808219862,2,14100
7,3,26,1.8,2,16,3,512,2,0,0,0,15.6,141.21199808219862,2,24000
2,3,27,1.6,2,4,1,0,2,0,0,0,15.6,100.45466986113651,2,7600
10,3,25,2.3,2,4,1,0,2,0,0,0,15.6,100.45466986113651,1,8200
10,3,26,2.7,3,8,1,1000,2,0,0,0,15.6,141.21199808219862,1,14700
2,3,24,2.4,2,4,3,256,2,0,0,0,14.0,157.3505121487356,2,15900
10,3,26,2.5,2,4,2,1000,2,0,0,0,15.6,141.21199808219862,2,17100
10,1,26,2.6,3,16,3,512,2,0,0,1,15.6,141.21199808219862,2,27100
11,1,26,2.6,3,16,3,128,0,1000,0,0,15.6,141.21199808219862,2,44700
7,3,24,2.3,2,4,1,0,2,0,0,0,15.6,100.45466986113651,2,13500
10,0,25,2.3,2,8,3,256,2,0,1,1,14.0,209.8006828649808,2,34000
10,4,26,2.7,3,6,3,256,2,0,0,0,15.6,141.21199808219862,2,17200
4,3,26,2.7,3,8,3,256,2,0,0,0,15.6,141.21199808219862,1,18500
0,3,27,2.0,2,4,1,0,2,0,0,0,15.6,100.45466986113651,2,6900
7,3,26,2.6,3,6,1,1000,2,0,0,1,15.6,141.21199808219862,2,16600
2,1,26,2.6,3,8,3,256,0,1000,0,1,15.6,141.21199808219862,2,18800
4,0,26,2.7,2,16,3,512,2,0,1,0,15.6,141.21199808219862,2,24400
0,3,25,2.5,3,4,3,256,2,0,0,0,15.6,141.21199808219862,2,14300
4,4,25,2.4,2,8,3,256,2,0,1,0,13.3,276.053530085501,1,22800
0,1,26,2.8,3,16,3,256,0,1000,0,1,17.3,127.33567457123111,2,54000
10,1,25,2.5,3,8,1,1000,2,0,0,1,15.6,141.21199808219862,2,17000
15,0,28,2.0,1,4,0,32,2,0,1,1,12.3,234.50740003017813,1,13600
7,3,25,2.5,2,4,1,0,2,0,0,0,15.6,100.45466986113651,2,10000
1,4,27,1.1,2,8,0,256,2,0,0,1,12.0,226.41554716935852,0,24100
4,0,25,2.5,2,8,3,256,2,0,1,1,13.3,165.6321180513006,2,24900
7,3,26,2.8,3,12,3,128,0,1000,0,1,15.6,141.21199808219862,2,27500
10,3,24,2.0,0,4,1,1000,2,0,0,0,15.6,100.45466986113651,1,7600
2,1,26,2.6,3,16,3,512,0,1000,0,1,17.3,127.33567457123111,2,44600
0,3,27,2.0,2,4,1,1000,2,0,0,0,15.6,100.45466986113651,1,5600
11,1,26,2.8,3,16,3,256,0,1000,0,0,17.3,127.33567457123111,2,42500
4,3,24,2.0,0,4,3,128,2,0,0,0,15.6,100.45466986113651,2,10300
10,3,26,2.5,3,8,1,0,2,0,0,0,15.6,100.45466986113651,1,13000
4,0,26,1.8,2,16,3,512,2,0,1,0,15.6,141.21199808219862,2,26700
4,4,26,2.7,2,16,3,512,2,0,1,0,13.3,276.053530085501,2,55600
2,1,26,2.6,3,8,1,1000,2,0,0,0,15.6,141.21199808219862,2,24200
4,3,25,2.5,0,8,3,256,2,0,0,0,15.6,141.21199808219862,2,18400
7,3,25,2.5,2,8,3,256,2,0,0,0,15.6,100.45466986113651,2,12000
10,3,15,2.2,0,4,1,0,2,0,0,0,15.6,100.45466986113651,2,6200
0,3,24,2.0,3,8,1,1000,2,0,0,0,17.3,106.11306214269258,2,13000
2,1,26,2.8,3,16,3,256,0,1000,0,0,15.6,141.21199808219862,2,50800
1,4,27,1.2,2,8,0,512,2,0,0,1,12.0,226.41554716935852,0,26500
2,3,26,2.8,3,16,3,128,0,1000,0,0,15.6,141.21199808219862,2,36300
11,1,26,2.6,3,16,3,256,0,1000,0,1,17.3,127.33567457123111,2,40400
4,0,25,2.5,2,8,3,256,2,0,1,1,15.6,141.21199808219862,2,20700
2,1,26,2.8,3,16,3,256,0,1000,0,0,17.3,127.33567457123111,2,40400
0,2,27,1.5,2,2,3,32,2,0,0,0,11.6,135.0942111925629,1,3600
0,3,24,2.0,3,4,1,1000,2,0,0,0,17.3,106.11306214269258,2,12400
10,3,25,2.5,2,8,1,1000,2,0,0,0,17.3,106.11306214269258,1,11100
10,1,26,2.6,3,8,3,128,0,1000,0,1,15.6,141.21199808219862,2,26400
0,0,26,1.3,2,8,3,256,2,0,1,1,14.0,157.3505121487356,2,23800
10,3,26,2.6,2,8,3,256,2,0,0,1,15.6,141.21199808219862,2,31700
11,1,26,2.6,3,8,3,128,0,1000,0,0,15.6,141.21199808219862,2,30600
7,3,4,2.7,0,6,1,1000,2,0,0,0,15.6,141.21199808219862,2,10900
4,4,25,2.4,2,8,3,256,2,0,1,0,12.5,176.23257360658386,2,35600
4,0,24,2.4,2,4,1,0,2,0,1,0,15.0,146.86047800548656,2,10500
2,3,27,1.6,2,4,1,1000,2,0,0,0,15.6,100.45466986113651,2,6400
4,4,26,2.7,2,8,3,256,2,0,1,0,13.3,276.053530085501,2,30600
4,3,25,2.5,2,4,1,1000,2,0,0,0,15.6,100.45466986113651,1,10800
10,1,26,2.6,3,16,3,128,0,1000,1,1,15.6,141.21199808219862,2,21300
11,1,26,2.8,3,8,3,128,0,1000,0,0,15.6,141.21199808219862,2,23800
10,2,26,2.5,2,16,3,512,2,0,1,1,12.5,176.23257360658386,2,34200
14,1,26,2.8,3,16,3,1000,2,0,0,0,14.0,157.3505121487356,2,72700
4,3,24,2.4,2,8,1,1000,2,0,1,0,15.6,100.45466986113651,2,9700
11,1,26,2.8,3,16,3,256,0,1000,0,0,17.3,127.33567457123111,2,33200
1,4,25,1.6,2,4,0,256,2,0,0,0,11.6,135.0942111925629,0,19900
7,3,24,2.0,2,4,1,1000,2,0,0,0,15.6,141.21199808219862,2,9900
7,4,26,2.5,2,8,3,256,2,0,0,0,14.0,209.8006828649808,2,45600
4,3,25,2.3,2,4,1,0,2,0,0,0,15.6,100.45466986113651,2,15300
11,1,26,2.6,3,8,3,128,0,1000,0,0,15.6,141.21199808219862,2,24200
10,3,26,2.7,2,16,3,512,2,0,0,1,13.3,165.6321180513006,2,31100
10,3,4,3.6,0,6,3,256,2,0,0,0,15.6,141.21199808219862,2,12400
2,4,26,2.5,2,8,3,256,2,0,0,0,13.3,165.6321180513006,2,26500
0,3,24,2.0,2,4,1,0,2,0,0,0,15.6,100.45466986113651,1,7500
4,0,26,2.7,3,16,3,512,2,0,1,0,17.3,127.33567457123111,2,37300
7,3,25,2.3,2,4,3,256,2,0,0,0,14.0,157.3505121487356,2,22800
2,1,26,2.8,3,16,3,256,0,1000,0,1,15.6,141.21199808219862,2,33200
4,3,25,2.5,2,4,1,0,2,0,0,0,14.0,111.93520355955211,2,18100
2,1,26,2.6,3,16,3,256,0,1000,0,1,15.6,141.21199808219862,2,48300
10,3,25,2.5,2,8,3,256,2,0,0,1,15.6,141.21199808219862,1,11900
4,0,25,1.2,2,8,3,256,2,0,1,0,13.3,276.053530085501,2,37600
4,3,27,1.6,2,4,1,0,2,0,0,0,15.6,100.45466986113651,1,6700
7,3,7,2.5,0,4,1,0,2,0,0,0,15.6,100.45466986113651,2,8200
10,3,24,2.3,3,6,3,128,2,0,0,0,15.6,141.21199808219862,2,11800
10,3,25,2.3,2,8,3,256,2,0,0,1,14.0,157.3505121487356,2,22200
4,3,27,1.6,2,4,1,0,2,0,0,0,15.6,100.45466986113651,2,9200
2,3,27,1.1,2,4,1,1000,2,0,0,0,15.6,100.45466986113651,2,7000
2,1,26,2.6,3,16,3,128,0,1000,0,1,17.3,127.33567457123111,2,39400
4,3,24,2.0,2,4,1,0,2,0,0,0,15.6,100.45466986113651,2,10100
10,3,26,2.5,0,8,2,1000,2,0,0,0,15.6,141.21199808219862,2,18500
11,1,26,2.6,3,8,3,128,0,1000,0,0,15.6,141.21199808219862,2,25500
10,0,25,2.3,2,4,3,128,2,0,1,0,14.0,157.3505121487356,2,17300
2,4,27,0.9,2,8,3,512,2,0,0,1,13.3,165.6321180513006,2,15100
4,3,24,2.4,2,6,1,1000,2,0,0,0,15.6,100.45466986113651,2,9500
0,3,27,1.6,2,4,1,0,2,0,0,0,15.6,100.45466986113651,1,6000
4,3,27,1.6,2,2,1,0,2,0,0,0,15.6,100.45466986113651,2,7800
10,3,26,2.6,3,8,1,1000,2,0,0,1,15.6,141.21199808219862,2,18600
7,3,10,2.9,0,6,2,1000,2,0,0,0,15.6,141.21199808219862,2,11400
4,3,26,2.7,0,8,1,1000,2,0,0,0,15.6,100.45466986113651,1,16700
7,2,27,1.6,2,2,0,32,2,0,0,0,11.6,135.0942111925629,2,4300
2,3,26,2.5,3,4,1,0,2,0,0,0,15.6,100.45466986113651,2,14900
10,0,26,2.5,2,4,3,128,2,0,1,1,14.0,157.3505121487356,2,13200
10,0,26,2.5,2,16,3,512,2,0,1,1,13.3,276.053530085501,2,31100
10,3,27,1.6,2,2,0,64,2,0,0,0,14.0,111.93520355955211,2,4700
7,3,26,2.5,0,6,1,1000,2,0,0,0,15.6,100.45466986113651,2,15800
2,3,27,1.6,2,4,1,0,2,0,0,0,15.6,100.45466986113651,2,7600
2,4,27,0.9,2,8,3,512,2,0,0,1,13.3,165.6321180513006,2,15100
4,3,24,2.4,2,6,1,1000,2,0,0,0,15.6,100.45466986113651,2,9500
0,3,27,1.6,2,4,1,0,2,0,0,0,15.6,100.45466986113651,1,6000
4,3,27,1.6,2,2,1,0,2,0,0,0,15.6,100.45466986113651,2,7800
10,3,26,2.6,3,8,1,1000,2,0,0,1,15.6,141.21199808219862,2,18600
7,3,10,2.9,0,6,2,1000,2,0,0,0,15.6,141.21199808219862,2,11400
4,3,26,2.7,0,8,1,1000,2,0,0,0,15.6,100.45466986113651,1,16700
7,2,27,1.6,2,2,0,32,2,0,0,0,11.6,135.0942111925629,2,4300
2,3,26,2.5,3,4,1,0,2,0,0,0,15.6,100.45466986113651,2,14900
10,0,26,2.5,2,4,3,128,2,0,1,1,14.0,157.3505121487356,2,13200
10,0,26,2.5,2,16,3,512,2,0,1,1,13.3,276.053530085501,2,31100
10,3,27,1.6,2,2,0,64,2,0,0,0,14.0,111.93520355955211,2,4700
7,3,26,2.5,0,6,1,1000,2,0,0,0,15.6,100.45466986113651,2,15800
2,3,27,1.6,2,4,1,0,2,0,0,0,15.6,100.45466986113651,2,7600
2,4,27,0.9,2,8,3,512,2,0,0,1,13.3,165.6321180513006,2,15100
4,3,24,2.4,2,6,1,1000,2,0,0,0,15.6,100.45466986113651,2,9500
0,3,27,1.6,2,4,1,0,2,0,0,0,15.6,100.45466986113651,1,6000
4,3,27,1.6,2,2,1,0,2,0,0,0,15.6,100.45466986113651,2,7800
10,3,26,2.6,3,8,1,1000,2,0,0,1,15.6,141.21199808219862,2,18600
7,3,10,2.9,0,6,2,1000,2,0,0,0,15.6,141.21199808219862,2,11400
4,3,26,2.7,0,8,1,1000,2,0,0,0,15.6,100.45466986113651,1,16700
7,2,27,1.6,2,2,0,32,2,0,0,0,11.6,135.0942111925629,2,4300
2,3,26,2.5,3,4,1,0,2,0,0,0,15.6,100.45466986113651,2,14900
10,0,26,2.5,2,4,3,128,2,0,1,1,14.0,157.3505121487356,2,13200
10,0,26,2.5,2,16,3,512,2,0,1,1,13.3,276.053530085501,2,31100
10,3,27,1.6,2,2,0,64,2,0,0,0,14.0,111.93520355955211,2,4700
7,3,26,2.5,0,6,1,1000,2,0,0,0,15.6,100.45466986113651,2,15800
2,3,27,1.6,2,4,1,0,2,0,0,0,15.6,100.45466986113651,2,7600
