iso3,1970,1971,1972,1973,1974,1975,1976,1977,1978,1979,1980,1981,1982,1983,1984,1985,1986,1987,1988,1989,1990,1991,1992,1993,1994,1995,1996,1997,1998,1999,2000,2001,2002,2003,2004,2005,2006,2007,2008,2009,2010,2011,2012,2013,2014,2015,2016,2017,2018,2019,2020,2021
AFG,0.898,0.652,-1.089,0.262,-0.47,-0.468,-0.295,0.532,0.105,0.394,0.69,0.583,-0.237,0.213,0.21,0.361,-0.048,0.49,0.988,-0.122,0.847,-0.058,-0.214,0.292,0.554,0.474,-0.016,0.592,0.795,1.301,1.109,1.366,1.384,0.615,1.427,0.491,1.78,0.736,0.804,0.929,1.646,1.446,0.234,1.308,0.457,1.101,1.607,1.568,1.58,0.96,0.544,1.421
ALB,-0.119,-0.2,-0.077,-0.299,-0.134,-0.203,-0.672,0.545,-0.822,0.225,-0.404,-0.313,0.237,-0.059,-0.212,-0.042,0.629,-0.049,0.43,-0.005,0.814,-0.263,0.105,0.117,1.37,-0.136,0.003,0.113,0.838,0.722,1.112,1.555,0.492,1.023,0.462,0.255,0.426,1.45,1.103,1.009,1.274,1.108,1.568,1.444,1.322,1.665,1.601,1.269,2.146,1.823,1.623,1.682
DZA,0.114,-0.38,-0.342,-0.028,-0.502,-0.554,-0.817,0.519,0.029,0.661,0.214,0.2,0.388,0.576,0.007,0.513,0.299,0.99,1.346,0.386,1.27,0.034,-0.318,0.541,0.72,0.583,0.823,1.018,1.077,1.456,0.798,1.827,1.222,1.567,0.964,1.238,1.373,1.198,1.164,0.927,2.249,1.39,1.128,1.173,1.676,1.101,1.736,1.498,1.211,1.094,1.913,2.317
ASM,-0.036,-0.473,-0.07,0.322,-0.317,-0.128,-0.186,0.149,0.086,0.335,0.335,0.172,0.249,0.288,0.255,0.234,0.371,0.33,0.516,0.163,0.516,0.82,0.674,0.196,0.286,0.798,0.772,,,0.243,0.67,0.948,1.196,0.719,0.215,0.844,0.446,0.894,0.46,,1.047,0.642,0.646,0.883,0.554,0.394,0.924,0.82,0.574,0.924,0.815,0.653
AND,0.081,-0.355,-0.526,-0.01,-0.412,0.207,-0.081,-0.111,-0.174,0.046,-0.199,0.167,1.048,0.856,-0.159,0.058,0.392,0.353,0.856,1.152,1.724,0.215,0.368,0.175,1.502,1.245,0.535,1.736,0.98,1.02,1.015,1.476,0.828,1.946,0.919,0.835,1.463,0.974,0.891,1.358,0.411,1.617,1.196,0.757,1.857,1.546,1.83,1.771,1.761,1.813,2.401,1.367
AGO,0.249,-0.092,-0.029,0.477,-0.152,-0.018,-0.309,0.255,0.04,0.302,0.29,0.019,0.235,0.597,0.722,0.724,0.199,0.808,0.677,0.097,0.808,0.44,0.606,0.401,0.373,0.88,0.511,0.361,1.264,0.591,0.316,0.425,0.868,1.058,0.558,1.21,0.636,0.955,0.601,0.744,1.303,0.923,0.576,1.09,0.879,1.43,1.847,1.064,1.504,1.975,1.387,1.631
AIA,0.084,-0.222,-0.137,0.194,-0.327,-0.31,-0.407,0.131,0.158,0.019,0.714,0.556,0.128,0.505,0.075,-0.04,-0.003,0.539,0.402,-0.1,0.344,0.394,0.36,0.477,0.513,0.661,0.392,0.54,1.126,0.598,0.276,0.611,0.776,0.918,0.549,0.826,0.6,0.876,0.344,0.577,1.107,0.507,0.652,0.778,0.821,1.07,1.164,0.98,0.728,0.861,1.246,0.91
ATG,0.08,-0.211,-0.174,0.203,-0.335,-0.382,-0.447,0.09,0.163,0.11,0.659,0.579,0.183,0.45,-0.049,-0.111,-0.094,0.571,0.309,-0.164,0.367,0.485,0.511,0.501,0.438,0.683,0.432,0.591,1.158,0.611,0.384,,0.681,0.9,0.566,0.864,0.561,0.847,0.303,0.482,1.147,0.576,0.682,0.766,0.723,1.032,1.105,0.965,0.694,0.806,1.141,0.873
ARG,0.442,-0.263,-0.007,-0.155,-0.12,-0.031,-0.334,0.407,0.333,0.233,0.346,0.358,0.341,0.029,-0.109,0.292,0.456,0.435,-0.206,0.591,0.422,0.256,-0.253,0.084,0.486,0.254,0.515,0.762,0.35,0.158,-0.187,0.415,0.28,0.615,0.421,0.228,0.547,-0.219,0.55,0.793,0.102,0.36,0.787,0.437,0.951,0.953,0.492,1.1,0.876,0.756,1.109,1.011
ARM,,,,,,,,,,,,,,,,,,,,,,,-1.294,-0.947,0.479,0.708,0.499,0.672,1.371,1.527,1.038,1.412,1.125,0.117,1.144,0.51,1.627,0.682,0.811,0.681,2.805,0.676,1.272,1.407,1.258,1.921,1.339,0.901,2.781,1.853,1.966,2.212
ABW,0.252,-0.286,0.032,0.267,-0.462,-0.182,-0.424,0.25,0.488,,0.63,0.379,0.355,0.681,0.147,-0.207,-0.042,0.692,0.453,-0.151,0.122,0.364,0.523,,0.336,0.589,0.689,0.387,1.13,0.216,-0.069,0.531,0.688,0.796,0.338,0.493,0.49,0.867,0.276,0.703,1.25,0.354,0.554,1.017,0.804,1.604,0.781,1.177,0.817,1.152,1.479,
AUS,0.008,-0.028,0.103,0.853,-0.354,0.051,-0.521,0.176,0.069,0.364,0.869,0.466,0.159,0.608,-0.186,0.323,0.358,0.329,0.932,0.132,0.534,0.806,0.268,0.466,0.199,0.398,0.582,0.363,1.062,0.56,0.124,0.311,0.706,0.807,0.698,1.181,0.683,0.887,0.582,0.986,0.624,0.156,0.258,1.459,1.166,1.062,1.145,1.122,1.112,1.411,1.404,0.589
AUT,-0.549,-0.058,0.108,-0.031,0.316,0.862,0.216,0.5,-0.474,-0.11,-0.272,0.279,0.389,1.068,-0.242,-0.56,0.325,-0.256,0.827,1.11,1.268,0.13,1.25,0.529,1.962,0.943,-0.198,0.517,1.347,0.985,1.768,1.504,1.539,1.473,0.839,0.638,0.921,2.15,1.593,1.552,0.662,1.381,1.791,1.103,2.427,2.183,2.111,1.753,2.535,2.369,2.32,1.397
BHS,-0.425,-0.036,0.327,0.178,-0.048,0.343,-0.356,-0.022,0.063,0.15,0.369,-0.037,0.524,0.201,0.082,0.301,0.291,0.524,0.49,0.731,0.832,0.845,0.349,0.439,0.862,0.736,0.084,0.859,1.011,0.704,0.29,0.229,0.952,1.096,0.42,0.48,0.424,0.973,0.893,0.494,0.399,0.453,0.452,0.677,0.994,1.23,1.164,1.456,1.168,1.585,1.693,0.688
BHR,0.216,-0.284,-0.609,-0.275,-0.277,-0.267,-0.561,0.267,0.027,0.779,0.269,0.319,-0.214,-0.988,-0.12,0.215,0.505,0.374,0.452,-0.139,0.164,-0.442,-0.739,-0.074,0.792,0.038,0.476,0.152,1.205,1.882,1.05,1.136,1.492,1.157,1.274,0.945,1.682,0.885,1.127,1.017,1.993,1.207,1.152,1.274,1.67,2.212,1.489,1.95,2.11,1.986,1.982,2.427
BGD,-0.031,-0.586,0.011,0.15,-0.14,-0.106,-0.108,-0.275,-0.237,0.477,0.129,-0.208,-0.062,-0.15,-0.332,0.047,0.027,0.33,0.328,0.094,-0.167,-0.021,-0.115,-0.403,0.203,0.176,0.146,-0.158,0.486,0.74,0.209,0.339,0.4,0.251,0.291,0.631,0.845,0.337,0.129,0.915,0.849,0.176,0.343,0.267,0.482,0.699,1.273,1.085,0.866,1.109,0.915,1.315
BRB,0.134,-0.11,0.058,0.085,-0.245,-0.463,-0.339,0.059,0.374,0.178,0.357,0.065,-0.077,0.051,-0.266,-0.453,-0.327,0.371,0.229,0.058,0.198,0.263,0.183,0.256,0.261,0.384,0.257,0.287,1.103,0.498,0.349,0.563,0.531,0.781,0.564,0.998,0.723,0.573,0.227,0.357,1.091,0.615,0.432,0.786,0.447,0.983,,,0.775,1.111,1.033,1.132
BEL,,,,,,,,,,,,,,,,,,,,,,,,,,,,,,,1.468,1.317,1.378,1.505,1.07,1.178,1.379,1.864,1.238,1.142,0.215,1.268,1.113,0.449,2.399,1.35,1.861,1.695,2.151,2.038,2.528,1.15
BLZ,-0.218,-0.207,0.51,0.408,0.104,-0.007,-0.371,0.13,-0.006,0.545,0.555,-0.049,0.568,0.723,0.233,0.526,0.182,0.402,0.534,0.272,0.434,0.613,0.324,0.345,0.639,0.665,0.126,0.791,0.827,0.313,0.041,0.305,0.611,0.833,0.582,0.724,0.526,0.727,0.453,0.793,0.711,0.588,0.508,0.648,0.616,1.385,1.25,1.144,0.612,1.309,1.511,1.077
BEN,0.343,-0.146,0.105,0.655,0.05,-0.296,-0.191,0.379,-0.011,0.543,0.455,0.208,0.26,0.564,0.575,0.458,0.37,1.039,0.695,0.015,0.652,0.377,0.044,0.593,0.496,0.468,0.797,0.645,1.12,0.708,0.542,0.623,0.811,1.049,0.828,1.201,1.136,0.927,0.731,1.066,1.349,1.074,0.719,0.989,1.087,1.317,1.248,1.372,1.233,1.329,1.236,1.735
BTN,-0.029,-0.247,-0.03,0.292,0.156,0.096,-0.071,-0.067,-0.238,0.371,0.058,0.148,-0.151,-0.329,-0.114,0.04,-0.133,0.181,0.487,0.16,-0.157,0.078,-0.287,-0.356,0.214,0.412,0.203,-0.424,0.688,0.87,0.048,0.569,0.366,0.407,0.382,0.656,0.872,0.9,0.482,1.326,1.137,0.465,0.365,0.667,0.758,0.88,1.312,1.304,1.212,1.127,0.966,1.536
BOL,0.164,-0.617,0.058,0.145,-0.222,-0.163,-0.23,0.233,0.227,0.117,0.181,0.11,0.274,0.482,0.308,0.433,0.523,0.756,0.347,0.085,0.145,0.593,0.038,0.402,0.913,0.797,0.372,0.938,0.935,0.301,0.274,0.432,0.741,0.479,0.61,0.553,0.704,0.313,0.155,0.493,0.51,0.942,0.674,0.419,0.811,1.286,0.514,0.716,0.285,0.713,1.167,0.553
BIH,,,,,,,,,,,,,,,,,,,,,,,0.682,0.279,1.721,0.316,-0.011,0.146,1.094,0.646,1.554,1.56,1.178,1.134,0.632,0.178,0.651,1.927,1.434,1.445,1.026,1.173,1.813,1.379,1.887,1.867,1.729,1.477,2.334,2.05,1.942,1.666
BWA,0.641,-0.074,-0.418,0.662,-0.686,-0.179,-0.657,0.354,-0.006,0.6,0.035,-0.39,0.418,1.087,0.508,0.363,0.456,1.405,0.449,-0.115,0.962,0.234,1.082,0.759,0.081,1.329,-0.112,0.262,1.211,0.904,-0.356,0.157,0.762,1.135,0.252,1.404,-0.418,0.414,0.358,-0.058,1.173,0.377,0.809,1.071,0.207,1.949,1.837,0.367,1.059,1.912,0.85,0.004
BRA,0.132,-0.133,0.117,0.447,-0.16,-0.113,-0.173,0.258,0.049,0.023,0.321,0.188,0.277,0.478,0.285,0.108,0.28,0.708,0.48,0.166,0.476,0.497,0.433,0.53,0.616,0.799,0.521,0.714,1.272,0.565,0.53,0.736,1.038,0.907,0.766,1.091,0.778,0.971,0.72,0.942,1.099,0.782,1.006,0.921,1.157,1.587,1.477,1.375,1.168,1.547,1.483,1.167
VGB,0.115,-0.234,-0.065,0.178,-0.311,-0.205,-0.294,0.233,0.184,-0.086,0.769,0.532,0.073,0.561,0.2,0.032,0.088,0.508,0.494,-0.037,0.321,0.301,0.209,0.454,0.682,0.786,0.385,0.489,1.095,0.586,0.168,0.614,0.807,0.871,0.532,0.787,0.638,0.904,0.385,0.673,1.067,0.437,0.622,0.79,0.918,1.107,1.222,0.994,0.761,0.915,1.351,0.949
BRN,0.105,-0.225,0.029,0.393,-0.226,-0.016,-0.09,-0.012,0.11,0.182,0.226,0.067,0.059,0.574,-0.059,0.112,0.016,0.436,0.482,0.056,0.456,0.337,0.267,0.114,0.316,0.354,0.252,0.545,1.22,0.438,0.348,0.478,0.587,0.716,0.512,0.867,0.535,0.547,0.283,0.684,0.755,0.433,0.681,0.874,0.815,1.102,1.581,1.128,1.07,1.372,1.367,0.968
BGR,0.202,-0.144,0.133,-0.429,-0.206,0.382,-0.852,0.556,-0.725,0.156,-0.462,-0.061,-0.139,0.376,-0.031,-0.615,0.345,-0.496,0.122,0.4,0.788,-0.162,0.139,-0.329,1.582,0.219,-0.358,-0.333,0.779,0.694,1.183,1.629,0.833,0.159,0.496,0.18,0.538,1.858,1.165,1.273,1.335,0.399,1.659,1.462,1.207,1.458,1.932,0.987,2.228,2.19,2.182,1.795
BFA,0.381,0,0.152,0.682,-0.057,-0.307,-0.3,0.289,0.237,0.465,0.84,0.306,0.195,0.742,0.824,0.495,0.379,1.058,0.624,0.028,0.633,0.567,0.017,0.775,0.362,0.452,0.966,0.679,1.056,0.615,0.601,0.572,1.078,1.053,0.935,1.512,1.231,0.949,0.382,1.021,1.347,1.088,0.573,0.93,0.981,1.231,1.184,1.34,1.27,1.196,1.194,1.772
BDI,0.3,-0.247,0.201,0.465,0.009,,,,,,,,0.724,0.829,,,0.702,0.785,0.528,0.27,0.586,0.201,0.312,,,,,,0.853,,,0.628,1.037,1.18,1.279,,,1.388,,,,,,,,,,,,,,
CPV,0.633,-0.055,0.161,0.428,-0.256,,-0.012,0.299,0.751,0.968,0.954,0.637,0.877,0.873,,0.469,0.339,1.373,1.181,1.316,1.68,1.046,1.254,0.875,0.808,1.841,1.964,2.02,2.146,1.161,1.405,1.695,1.722,1.236,1.329,1.538,1.722,1.188,1.669,1.134,,1.737,1.703,1.684,1.437,1.424,2.017,2.34,1.281,1.905,2.178,1.2
KHM,0.084,-0.417,0.063,0.376,-0.317,-0.007,-0.431,0.051,0.228,0.402,0.332,0.291,0.079,0.446,0.098,0.243,0.046,0.592,0.321,0.239,0.58,0.493,0.441,0.309,0.39,0.617,0.292,0.339,1.338,0.399,0.253,0.623,0.74,0.713,0.617,0.77,0.749,0.628,0.467,0.442,1.212,0.394,0.863,1.014,0.623,1.108,1.484,1.091,0.759,1.513,1.365,0.893
CMR,0.177,-0.116,0.058,0.572,-0.071,-0.167,-0.147,0.346,0.096,0.452,0.392,0.156,0.069,0.173,0.253,0.103,0.175,0.58,0.365,-0.193,0.689,0.71,-0.184,0.435,0.529,0.613,0.625,0.735,1.284,0.803,0.533,0.322,0.845,0.979,0.907,1.117,1.082,0.746,0.712,1.194,1.251,0.72,0.56,0.775,0.885,1.125,1.17,1.101,1.03,1.446,1.006,1.113
CAN,0.427,-0.022,-1.796,0.311,-0.837,0.229,0.085,1.084,-0.602,-0.212,0.922,1.566,-0.665,0.497,0.347,-0.296,0.021,1.35,1.213,0.034,0.09,0.35,0.116,0.362,0.487,0.956,-0.102,0.45,2.49,1.711,1.309,1.438,0.559,1.258,0.506,1.302,2.359,1.345,0.868,0.551,2.928,1.457,2.165,1.203,0.298,1.222,2.376,1.481,0.491,1.32,1.139,2.536
CYM,-0.146,-0.141,0.315,0.37,,1.041,-0.109,0.223,0.292,0.407,0.684,0.073,0.634,0.429,0.325,0.214,0.378,0.718,0.808,0.889,1.003,0.933,0.678,0.87,1.399,1.021,0.441,0.999,0.923,0.453,,,,,,0.649,0.585,0.737,0.544,0.448,0.65,0.336,0.404,0.559,0.767,1.008,0.946,0.918,0.639,1.348,1.54,1.196
CAF,0.245,-0.081,0.042,0.543,-0.065,-0.054,-0.115,0.216,0.031,0.399,0.447,0.003,0.322,0.454,0.144,0.206,0.552,0.599,0.45,-0.014,0.438,0.559,-0.349,0.459,0.697,0.288,0.279,0.241,1.231,0.583,0.771,0.468,0.854,0.93,1.057,1.071,0.998,0.559,0.66,1.153,1.137,0.774,0.494,0.825,0.682,0.984,1.217,1.171,1.179,1.262,1.179,1.307
TCD,0.196,-0.235,0.214,0.757,0.018,-0.13,0.284,-0.003,-0.096,0.554,0.446,0.214,0.48,0.151,0.66,0.355,0.799,0.493,0.292,-0.16,0.454,0.593,-0.27,0.289,0.392,0.25,0.677,0.227,0.826,0.563,0.335,0.247,0.725,0.802,0.827,1.162,1.337,0.552,0.417,1.212,1.217,0.971,0.537,0.99,0.831,1.332,0.895,0.966,1.551,1.433,1.154,1.018
CHL,0.194,-0.387,-0.156,-0.108,-0.224,-0.194,-0.325,0.313,0.315,0.239,0.307,0.315,0.343,0.537,-0.148,0.289,0.056,0.579,0.047,0.304,0.207,0.106,-0.121,0.213,0.24,-0.01,0.255,0.761,0.744,0.284,-0.167,0.059,0.154,0.302,0.505,0.196,0.529,-0.287,0.425,0.441,-0.041,0.166,0.671,0.423,0.467,0.72,0.879,0.715,0.382,0.51,0.771,0.661
HKG,-0.37,-0.156,-0.11,0.449,-0.321,0.18,-0.75,0.183,0.026,0.038,0.272,0.399,0.084,-0.197,-0.533,-0.3,0.005,0.824,-0.147,0.215,0.221,0.67,-0.293,0.237,0.28,-0.087,-0.033,0.232,0.878,0.898,0.226,0.781,0.89,0.921,0.632,0.707,0.888,1,0.401,0.939,0.431,0.395,0.58,0.818,0.725,1.221,0.819,1.389,1.234,1.827,1.901,2.038
MAC,-0.37,-0.156,-0.11,0.449,-0.321,0.18,-0.75,0.183,0.026,0.038,0.272,0.399,0.084,-0.197,-0.533,-0.3,0.005,0.824,-0.147,0.215,0.221,0.67,-0.293,0.237,0.28,-0.087,-0.033,0.232,0.878,0.898,0.226,0.781,0.89,0.921,0.632,0.707,0.888,1,0.401,0.939,0.431,0.395,0.58,0.818,0.725,1.221,0.819,1.389,1.234,1.827,1.901,2.038
COL,0.026,-0.393,0.036,0.363,-0.292,-0.265,-0.194,0.303,0.203,0.229,0.465,0.142,0.177,0.645,-0.209,-0.007,-0.004,0.574,0.345,-0.052,0.283,0.367,0.505,0.232,0.215,0.485,0.13,0.535,0.932,-0.04,-0.078,0.378,0.616,0.642,0.532,0.645,0.511,0.575,0.272,0.753,0.916,0.348,0.559,0.693,0.69,1.131,0.971,0.656,0.995,1.25,1.41,0.898
COM,0.051,-0.521,-0.051,0.159,-0.351,-0.1,-0.082,0.495,0.181,0.13,0.188,0.075,0.506,,-0.496,,-0.066,0.388,0.395,-0.3,0.087,0.233,0.053,0.167,0.528,0.409,-0.053,0.253,0.752,0.197,0.163,0.312,0.767,0.444,0.368,0.463,0.269,0.602,0.234,0.493,0.734,0.37,0.334,0.223,0.312,0.529,0.504,0.754,0.509,1.1,0.833,0.454
COD,0.211,-0.136,0.09,0.467,-0.078,-0.092,-0.18,0.254,0.152,0.44,0.345,0.168,0.198,0.572,0.258,0.183,0.35,0.678,0.61,0.024,0.284,0.442,-0.072,0.199,0.419,0.548,0.11,0.521,0.971,0.446,0.532,0.515,0.987,0.985,0.974,1.008,0.824,0.799,0.675,0.9,1.326,0.827,0.485,1.1,1.093,1.204,1.681,1.395,1.545,1.633,1.896,1.821
COG,0.168,-0.068,-0.028,0.526,-0.062,-0.123,-0.248,0.235,0.13,0.435,0.319,-0.127,-0.113,0.353,0.162,-0.124,0.088,0.511,0.338,-0.206,0.088,0.24,-0.182,0.116,0.398,0.629,0.102,,1.142,0.684,0.477,0.448,0.845,0.892,0.92,0.891,0.814,0.918,0.843,0.877,1.304,0.659,0.663,0.888,0.836,1.208,1.584,1.183,1.276,1.46,1.611,1.407
COK,0.211,-0.114,-0.065,0.49,-0.131,-0.195,-0.216,0.221,0.18,0.202,0.328,0.191,0.143,0.307,0.166,0.191,0.42,0.192,0.499,0.278,0.325,0.432,0.427,0.174,0.504,0.738,0.708,0.296,0.381,1.264,0.914,0.983,0.874,0.813,0.868,0.755,0.954,0.984,0.848,0.687,1.185,1.04,0.781,1.008,0.798,0.209,0.95,1.401,1.138,1.119,1.174,1.467
CRI,,-0.421,0.213,0.209,-0.234,-0.386,0.151,0.245,0.081,0.109,0.331,0.135,,,-0.073,-0.155,,0.53,-0.022,-0.066,0.46,0.434,0.396,0.178,0.383,0.595,-0.106,0.615,0.842,-0.477,-0.297,0.361,0.637,0.597,0.527,0.337,0.522,0.491,0.084,0.782,0.714,0.288,,,,,,,,,,
HRV,,,,,,,,,,,,,,,,,,,,,,,0.829,0.402,1.715,0.431,-0.029,0.313,1.157,0.706,1.623,1.596,1.266,1.287,0.68,0.307,0.735,1.995,1.468,1.51,0.878,1.269,1.857,1.282,2.044,1.933,1.843,1.562,2.321,2.117,2.024,1.622
CUB,-0.345,0.091,0.437,0.38,0.065,0.518,-0.179,0.163,0.058,0.349,0.5,-0.013,0.595,0.317,0.303,0.251,0.379,0.75,0.611,0.689,0.851,0.913,0.623,0.64,1.015,1.046,0.219,0.819,1.019,0.718,0.535,0.515,0.835,0.88,0.611,0.576,0.728,0.713,0.423,0.777,0.469,0.316,0.39,0.661,0.859,1.114,1.156,1.284,1.111,1.572,1.603,1.311
CYP,0.489,-0.217,-0.559,-0.328,-0.171,-0.217,-0.711,0.148,-0.02,0.616,-0.289,0.097,-0.326,-0.799,0.007,-0.078,0.235,-0.285,0.018,0.073,0.049,0.345,-0.964,-0.457,1.015,0.026,0.221,-0.028,0.921,1.05,0.589,1.119,0.811,0.564,0.603,0.329,0.615,0.804,1.021,0.973,1.981,0.692,0.949,1.221,1.066,1.184,1.561,0.844,2.183,1.589,1.746,2.082
CZE,,,,,,,,,,,,,,,,,,,,,,,,0.286,1.797,1.03,-0.617,0.118,1.247,1.1,1.902,1.219,1.523,1.074,0.814,0.742,0.948,2.161,1.635,1.413,0.396,1.029,1.57,0.77,2.494,2.112,2.067,1.585,2.641,2.533,2.331,1.29
DNK,-1.207,0.258,0.285,0.665,0.575,1.33,0.295,-0.019,0.145,-1.189,-0.437,0.304,0.006,1.065,0.386,-0.996,-0.437,-0.98,0.926,1.802,1.845,0.617,1.451,0.236,0.97,1.308,-0.749,0.654,0.872,1.337,1.722,1.048,1.658,0.712,1.036,1.284,1.352,2.136,1.858,1.324,-0.195,0.684,1.145,0.401,2.681,1.523,1.856,1.624,2.115,2.185,2.642,1.691
DJI,0.051,-0.21,0.136,0.708,-0.109,0.216,0.04,0.297,0.322,0.255,0.857,0.108,0.196,0.345,-0.086,0.059,-0.045,0.218,0.574,-0.105,0.522,0.49,0.456,0.32,0.285,0.653,0.762,0.651,0.972,0.425,0.845,0.802,1.375,1.458,0.952,1.217,0.901,0.877,0.314,1.418,1.047,0.916,,1.293,1.178,1.696,1.496,1.77,1.199,1.351,,
DMA,0.139,-0.192,-0.045,0.204,-0.354,-0.355,-0.397,0.078,0.121,0.192,0.376,0.437,0.117,0.436,-0.061,-0.089,-0.019,0.568,0.376,-0.144,0.414,0.408,0.304,0.441,0.547,0.663,0.451,0.655,1.089,0.525,0.35,0.544,0.695,0.92,0.557,0.862,0.732,0.877,0.405,0.552,1.23,0.633,0.744,0.753,0.739,0.982,1.141,0.905,0.646,0.766,1.064,0.787
DOM,-0.005,-0.272,-0.021,0.348,-0.356,0.005,-0.348,0.306,0.333,0.2,0.662,0.506,0.343,0.683,0.369,0.214,0.333,0.847,0.635,0.305,0.714,0.466,0.283,0.428,0.855,0.926,0.689,0.967,1.411,0.962,0.597,0.954,0.971,1.175,0.761,1,0.942,1.193,0.622,0.738,1.269,0.629,0.83,1.059,1.039,1.349,1.397,1.108,1.274,1.246,1.588,1.136
ECU,-0.133,-0.56,0.567,0.1,-0.301,-0.349,0.306,0.359,0.303,0.528,0.475,0.074,0.54,1.058,-0.222,-0.153,0.131,1.033,0.334,-0.102,0.442,0.362,0.595,0.372,0.257,0.599,-0.072,1.005,1.168,0.161,0.19,0.398,0.669,0.698,0.668,0.657,0.624,0.641,0.516,0.843,0.678,0.471,0.474,0.246,0.873,1.335,1.268,0.87,0.844,1.06,1.14,0.516
EGY,-0.089,-0.208,0.027,-0.256,-0.093,-0.465,-0.283,-0.094,-0.254,0.58,-0.086,-0.247,-0.446,-1.169,-0.275,0.198,0.071,-0.36,0.162,-0.264,-0.138,0.362,-0.666,-0.059,0.522,0.057,0.281,-0.071,0.655,0.734,-0.036,0.59,0.766,0.68,0.586,0.466,0.679,0.556,0.879,0.865,2.268,0.553,0.871,0.981,1.177,1.124,1.507,0.539,1.987,0.975,1.004,1.607
SLV,-0.016,-0.307,0.362,0.375,-0.335,0.003,-0.229,0.436,0.132,0.451,0.353,-0.005,0.316,0.657,0.033,0.129,0.232,0.573,0.501,0.246,0.541,0.542,0.534,0.292,0.673,0.684,0.302,0.998,1.065,0.433,0.265,0.57,0.948,1.09,0.869,0.706,0.672,0.675,0.44,1.011,0.688,0.678,0.806,0.792,0.794,1.416,1.381,0.833,0.853,1.034,1.787,1.379
GNQ,0.22,-0.119,-0.076,0.458,-0.159,-0.174,-0.329,0.174,-0.008,0.376,0.335,0.104,-0.077,0.179,0.221,0.022,-0.058,0.407,0.337,0.022,0.219,,-0.151,0.138,0.352,1.025,0.534,,1.086,0.611,0.449,0.435,0.727,0.994,0.849,0.87,0.73,0.906,0.775,0.891,0.996,0.662,0.599,0.757,0.823,0.801,1.371,1.184,0.571,1.452,1.361,1.037
EST,,,,,,,,,,,,,,,,,,,,,,,1.588,0.525,0.348,1.731,-0.369,0.917,0.521,1.502,2.043,1.82,1.466,0.218,1.159,1.579,1.237,2.24,2.582,1.597,0.52,1.276,1.442,1.157,2.403,2.344,1.895,1.474,2.381,2.183,3.595,2.133
ETH,,,,,,,,,,,,,,,,,,,,,,,,0.192,0.524,0.75,0.724,0.648,0.807,0.372,0.622,0.78,1.089,1.127,0.878,1.165,1.008,0.893,0.808,1.369,1.29,1.15,1.078,1.244,1.201,1.462,1.565,1.523,0.964,1.373,1.37,1.507
FLK,0.203,-0.223,-0.505,0.219,0.211,0.128,-0.223,-0.089,0.228,0.644,0.186,0.186,,,,,,,,,,,,,,,,,,,,,,,,,,,,,,,,,,,,,,,,
FRO,-0.51,0.245,0.672,-0.05,0.5,-0.025,0.506,-0.315,-0.123,-0.888,0.024,-0.38,0.196,-0.306,0.439,-0.179,-0.196,0.138,0.203,0.424,0.676,0.977,0.67,0.04,-0.073,-0.22,0.28,0.824,0.608,0.51,0.216,0.476,1.048,1.617,1.033,0.495,1.142,0.959,0.895,1.448,0.265,1.06,0.366,0.603,1.772,0.82,0.81,1.496,0.837,0.881,0.843,1.014
FJI,0.145,0.145,-0.199,0.419,0.154,0.164,-0.004,-0.052,0.021,0.158,0.195,0.178,0.139,0.081,0.297,0.271,-0.16,0.086,0.696,0.109,0.238,0.052,0.144,-0.214,-0.041,0.441,0.486,0.228,0.834,0.612,0.762,0.779,0.762,0.653,0.574,0.729,0.666,1.029,0.601,0.38,0.961,0.933,0.615,0.965,0.753,0.632,1.109,1.152,0.794,1.018,1.232,1.119
FIN,-0.621,-0.446,0.942,1.144,1.125,1.898,-0.872,-0.222,-0.521,-0.751,-0.377,-0.237,-0.153,0.966,0.759,-1.173,-0.179,-1.652,0.579,2.175,1.246,1.133,1.159,0.929,0.135,1.693,0.131,0.777,0.064,1.153,2.019,1.361,1.166,0.707,1.225,2.195,1.2,1.94,2.125,1.685,0.232,1.345,1.533,1.414,2.584,2.605,2.142,1.477,2.144,1.436,3.305,1.923
FRA,-0.104,-0.172,-0.338,0.042,-0.103,0.46,0.347,0.004,-0.228,-0.196,-0.228,0.079,0.796,0.704,-0.098,-0.351,-0.017,-0.024,0.751,1.254,1.567,0.226,0.631,0.302,1.526,1.296,0.158,1.21,0.915,1.17,1.141,1.355,1.01,1.752,0.924,0.968,1.256,1.349,0.933,1.148,0.326,1.462,1.146,0.638,1.965,1.513,1.689,1.682,1.925,1.888,2.411,1.193
PYF,0.212,-0.273,0.165,0.349,-0.293,-0.193,-0.205,0.275,-0.034,0.138,0.247,0.147,0.317,0.178,0.391,0.131,0.254,0.434,0.327,0.143,0.364,0.316,0.328,0.118,0.523,0.56,0.168,0.315,0.634,0.456,0.329,0.5,0.795,0.703,0.531,0.675,0.847,0.856,0.363,0.808,0.767,0.22,0.728,0.541,0.62,0.685,1.132,0.908,0.638,0.864,0.828,0.783
GAB,0.16,-0.039,-0.05,0.499,-0.062,-0.121,-0.319,0.206,0.092,0.404,0.313,-0.134,-0.312,0.185,0.172,-0.188,-0.1,0.3,0.253,-0.06,0.133,0.088,-0.177,0.152,0.194,0.655,0.153,0.329,1.147,0.608,0.351,0.312,0.694,0.897,0.816,0.753,0.741,0.938,0.854,0.868,0.979,0.568,0.548,0.727,0.753,0.959,1.353,1.105,0.809,1.402,1.287,0.881
GMB,0.37,-0.084,0.288,0.662,-0.227,-0.188,-0.069,0.477,0.418,0.634,0.831,0.608,0.31,1.115,0.627,0.387,0.647,1.038,0.889,0.747,1.265,0.957,1,1.196,0.904,0.986,1.274,1.446,1.673,0.877,1.09,1.434,1.534,1.198,1.224,1.542,1.276,1.155,1.446,0.745,1.377,1.107,0.963,1.081,1.312,1.351,1.808,1.942,1.208,1.548,1.978,1.878
GEO,,,,,,,,,,,,,,,,,,,,,,,-1.151,-1.212,0.456,0.751,0.203,0.303,1.288,1.25,0.969,1.277,1.036,-0.258,0.915,0.556,1.28,0.888,0.668,0.693,2.488,0.428,1.219,1.388,1.247,1.757,1.353,0.822,2.517,1.736,2.03,1.701
DEU,-0.831,0.034,-0.014,0.188,0.318,1.098,0.468,0.28,-0.176,-0.643,-0.19,0.293,0.436,1.067,-0.115,-0.804,-0.011,-0.565,0.887,1.484,1.565,0.279,1.22,0.304,1.618,1.301,-0.706,0.551,1.146,1.36,1.755,1.281,1.478,1.248,0.988,1.015,1.248,2.08,1.532,1.27,0.182,1.108,1.338,0.571,2.506,1.658,1.971,1.636,2.377,2.314,2.499,1.304
GHA,0.323,-0.122,0.042,0.582,0.018,-0.207,-0.331,0.326,0.099,0.596,0.475,0.209,0.202,0.728,0.709,0.395,0.345,1.018,0.719,0.284,0.573,0.44,0.191,0.535,0.62,0.769,0.739,0.58,1.231,0.67,0.51,0.644,0.908,1.073,0.816,1.043,1.062,1.022,0.805,0.99,1.39,0.992,0.712,0.937,0.988,1.328,1.45,1.569,1.237,1.489,1.491,1.701
GBZ,-0.088,-0.851,-0.913,-0.195,-0.408,-0.195,-0.481,-0.147,0.206,0.4,0.307,0.356,0.48,0.379,-0.151,0.586,0.216,0.489,0.782,0.94,1.231,0.146,0.207,-0.092,0.762,1.312,0.708,1.404,1.058,0.67,0.786,1.244,0.831,1.369,0.993,0.814,1.403,0.787,0.939,1.248,1.316,1.623,0.965,0.883,1.471,1.41,1.766,2.057,0.778,1.326,1.972,1.576
GRC,0.255,-0.235,-0.196,-0.374,-0.208,-0.266,-0.921,0.325,-0.565,0.171,-0.389,-0.203,-0.25,-0.502,-0.135,-0.077,0.296,-0.405,0.118,-0.217,0.34,-0.218,-0.548,-0.341,1.052,-0.045,-0.169,-0.204,0.622,0.788,0.667,1.298,0.415,0.377,0.327,0.209,0.247,1.068,0.872,0.758,1.551,0.365,1.21,1.3,1.028,0.889,1.584,0.65,1.903,1.406,1.366,1.722
GRL,-0.229,-0.789,-0.846,-0.992,0.3,-1.099,-0.264,0.753,-0.689,0.491,0.911,-0.37,-0.647,-2.069,-1.462,0.883,0.373,-0.129,0.504,-1.546,-0.356,-0.298,-1.234,-1.364,-0.434,-0.337,0.657,0.38,1.259,0.51,0.829,0.822,1.176,2.317,1.456,1.867,1.708,1.353,0.948,0.84,3.046,1.672,1.614,1.368,1.435,0.197,2.369,1.2,0.904,2.201,1.256,2.462
GRD,0.234,-0.306,-0.103,0.104,-0.409,-0.352,-0.161,-0.057,0.122,0.329,0.278,0.362,0.095,0.381,0.005,-0.389,-0.12,0.51,0.513,-0.124,0.242,0.263,0.285,0.352,0.444,0.692,0.449,0.59,1.159,0.6,0.449,0.663,0.576,0.878,0.428,0.934,0.633,0.578,0.428,0.451,1.167,0.654,0.568,0.807,0.685,0.916,0.97,0.974,0.629,0.892,1.179,0.887
GLP,0.105,-0.21,-0.106,0.199,-0.338,-0.336,-0.408,0.105,0.144,0.097,0.578,0.513,0.13,0.472,0.008,-0.068,-0.02,0.554,0.381,-0.124,0.374,0.41,0.357,0.466,0.516,0.664,0.419,0.59,1.115,0.572,0.317,0.577,0.724,0.923,0.554,0.844,0.646,0.873,0.362,0.556,1.159,0.563,0.691,0.767,0.778,1.032,1.148,0.949,0.692,0.818,1.164,0.859
GTM,-0.115,-0.155,0.409,0.433,-0.311,0.12,-0.404,0.214,0.108,0.32,0.412,-0.029,0.433,0.626,0.109,0.182,0.13,0.318,0.506,0.183,0.379,0.656,0.479,0.366,0.613,0.651,0.172,0.778,0.959,0.654,0.46,0.506,0.772,1.072,0.74,0.936,0.713,0.735,0.337,0.952,0.764,0.585,0.615,0.733,0.74,1.262,1.426,1.056,0.835,1.364,1.724,1.442
GUY,0.275,-0.339,-0.03,0.184,-0.322,-0.26,-0.076,0.153,0.175,0.372,0.499,0.139,0.007,0.45,-0.199,-0.082,0.074,0.575,0.358,-0.094,0.18,0.243,0.376,0.291,0.255,0.691,0.342,0.499,1.221,0.468,0.375,0.438,0.587,0.809,0.825,1.274,0.685,1.01,0.697,1.035,1.249,0.827,0.816,1.053,1.101,1.281,1.685,1.409,1.149,1.466,1.575,1.266
GIN,0.37,-0.122,0.211,0.585,-0.064,-0.247,-0.247,0.207,0.197,0.495,0.637,0.329,0.211,0.636,0.382,0.397,0.09,0.823,0.623,0.131,0.671,0.692,0.357,0.729,0.495,0.495,0.809,0.758,1.143,0.521,0.677,0.795,1.148,1.024,1.064,1.225,1.141,1.008,1.089,0.848,1.252,1.043,0.473,1.062,1.019,1.297,1.312,1.662,1.296,1.57,1.447,1.761
GNB,0.324,-0.083,0.248,0.564,-0.163,-0.218,-0.124,0.348,0.294,0.491,0.651,0.447,0.259,0.886,0.517,0.384,0.497,0.811,0.731,0.572,1.078,0.921,0.838,1.034,0.825,0.877,1.069,1.243,1.682,0.866,1.13,1.346,1.417,1.113,1.19,1.423,1.223,1.058,1.366,0.784,1.309,1.083,0.796,1.094,1.399,1.388,1.749,1.88,1.314,1.642,1.917,1.912
GUY,0.438,-0.473,-0.012,0.245,-0.352,-0.225,-0.286,0.166,0.105,0.449,0.475,0.125,0.225,0.352,-0.54,-0.471,-0.121,0.375,0.326,-0.078,0.449,0.241,0.009,0.145,0.4,0.935,0.478,0.851,1.24,0.361,0.649,0.781,1.062,0.911,0.894,1.138,0.81,0.826,0.489,1.05,0.919,0.744,0.836,0.901,1.08,1.319,1.5,1.249,1.215,1.178,1.533,1.195
HTI,-0.061,0.255,0.324,0.442,-0.189,0.456,-0.356,0.387,0.219,0.133,0.696,0.415,0.539,0.586,0.417,0.296,0.337,0.971,0.89,0.508,0.876,0.812,0.492,0.409,1.138,0.896,0.353,1.16,1.208,1.258,0.919,0.712,0.92,1.194,0.834,1.086,0.904,1.101,0.609,0.826,1.277,0.557,0.86,1.183,1.45,1.521,1.428,1.302,1.488,1.716,1.708,1.046
VAT,-0.146,-0.251,-0.181,-0.007,-0.27,-0.212,-0.483,0.24,-0.637,0.066,-0.59,-0.522,0.526,0.185,-0.581,0.237,0.57,0.158,0.717,0.08,1.053,-0.101,0.444,0.401,1.399,0.125,0.291,0.788,0.879,0.733,1.139,1.396,0.636,1.396,0.395,0.328,0.503,1.223,0.869,0.915,0.662,0.914,1.404,0.765,1.239,1.375,1.454,1.203,1.765,1.46,1.54,1.306
HND,-0.015,-0.118,0.286,0.5,-0.332,0.057,-0.19,0.349,0.246,0.421,0.411,0.076,0.405,0.56,0.088,0.17,0.134,0.368,0.603,0.236,0.319,0.498,0.467,0.178,0.718,0.867,0.151,0.913,1.126,0.463,0.127,0.374,0.787,0.674,0.536,0.99,0.65,0.796,0.579,0.82,0.81,0.743,0.636,0.917,0.663,1.126,1.39,1.049,0.698,1.107,1.703,1.027
HUN,-0.503,-0.059,0.397,-0.026,0.268,0.863,-0.267,0.554,-0.864,0.055,-0.611,0.154,0.112,0.999,-0.126,-1.056,0.37,-0.531,0.401,0.881,1.088,-0.041,0.921,0.085,1.766,0.645,-0.325,-0.13,1.099,0.62,1.753,1.41,1.442,0.732,0.572,0.258,0.722,2.165,1.52,1.637,0.83,0.915,1.751,1.18,2.232,2.092,1.923,1.373,2.565,2.393,2.034,1.482
ISL,-0.66,0.02,0.81,-0.068,0.552,-0.383,0.428,-0.234,0.051,-1.302,0.327,-0.978,-0.323,-0.895,0.178,0.15,-0.093,0.68,-0.097,-0.19,0.148,0.753,0.209,0.201,-0.121,-0.352,0.541,0.412,0.217,0.481,0.309,0.618,0.821,1.844,1.292,0.509,1.089,1.155,0.806,0.965,1.218,1.026,0.748,0.776,1.737,0.494,1.485,1.77,0.892,1.396,0.851,0.993
IND,0.059,-0.47,0.04,0.296,0.012,-0.324,-0.005,0.152,-0.169,0.299,0.391,0.05,-0.038,-0.177,-0.15,0.153,0.142,0.542,0.477,-0.039,-0.101,0.16,0.007,0.176,0.059,0.191,0.295,-0.109,0.559,0.424,0.309,0.441,0.796,0.633,0.533,0.545,0.625,0.579,0.237,1.131,1.113,0.336,0.486,0.434,0.522,0.68,1.074,0.982,0.884,0.809,0.518,0.729
IDN,0.15,-0.159,-0.019,0.287,-0.094,-0.094,0.066,0.158,0.142,0.205,0.253,0.16,-0.009,0.389,-0.147,0.104,0.068,0.483,0.372,0.05,0.12,0.215,0.275,0.23,0.283,0.338,0.392,0.407,1.001,0.251,0.285,0.519,0.609,0.602,0.544,0.701,0.403,0.444,0.239,0.557,0.759,0.331,0.411,0.734,0.749,0.774,1.448,0.943,0.868,1.021,1.228,0.994
IRN,0.971,0.095,-0.946,-0.196,-0.668,-0.227,-0.573,0.37,0.24,0.648,0.486,0.615,-0.194,-0.175,0.059,0.159,0.135,0.459,0.631,0.144,0.652,0.295,-0.865,-0.104,0.73,0.624,0.163,0.575,1.094,1.571,1.124,1.419,1.583,0.842,1.397,0.702,1.723,0.762,1.019,1.052,2.092,1.234,0.98,1.533,0.953,1.728,1.531,1.634,1.963,1.508,1.251,2.051
IRQ,0.659,-0.184,-0.744,-0.261,-0.455,-0.276,-0.825,0.268,0.085,1.175,-0.057,0.163,-0.514,-0.914,-0.077,-0.064,0.294,0.271,-0.01,0.085,0.277,0.524,-1.28,-0.578,0.893,0.252,0.68,0.181,1.162,1.785,0.858,1.153,1.018,0.853,0.935,0.374,1.462,0.808,1.008,0.719,2.541,0.734,1.151,1.106,1.053,1.816,1.532,1.458,2.305,1.671,1.818,2.542
IRL,0.045,0.328,-0.282,0.347,-0.226,0.693,0.546,-0.297,0.239,-0.705,-0.076,0.355,0.133,0.384,0.318,-0.454,-0.741,-0.161,0.231,1.028,0.803,0.179,0.429,0.047,0.265,1.179,-0.024,0.96,0.92,1.054,0.548,0.529,0.809,1.006,0.878,1.162,1.157,1.355,0.858,0.824,-0.086,0.576,0.715,0.584,1.424,0.51,1.098,1.318,0.834,1.248,1.117,1.057
IMN,0.039,0.306,-0.201,0.284,-0.213,0.684,0.648,-0.355,0.194,-0.795,-0.049,0.271,0.054,0.356,0.329,-0.517,-0.713,-0.251,0.25,1.085,0.889,0.16,0.442,-0.055,0.253,1.148,-0.128,0.908,0.91,1.09,0.606,0.495,0.873,1.034,0.931,1.147,1.213,1.307,0.817,0.86,-0.129,0.661,0.589,0.424,1.533,0.441,1.118,1.365,0.879,1.172,1.19,1.014
ISR,0.212,-0.348,-0.493,-0.478,-0.269,-0.423,-0.586,0.004,-0.088,0.597,-0.212,-0.228,-0.58,-1.077,-0.222,-0.006,0.04,-0.299,0.027,-0.179,-0.111,0.397,-1.045,-0.363,0.804,-0.143,0.335,-0.123,0.892,0.903,0.312,0.928,0.805,0.641,0.622,0.26,0.649,0.582,0.788,0.89,2.385,0.643,1.101,1.186,0.946,1.412,1.701,0.82,2.089,1.304,1.547,1.884
ITA,-0.155,-0.154,-0.139,0.033,-0.123,0.061,-0.332,0.276,-0.545,0.01,-0.435,-0.291,0.502,0.377,-0.468,0.115,0.439,0.183,0.824,0.398,1.112,0.002,0.512,0.498,1.495,0.395,0.211,0.907,0.939,0.889,1.217,1.503,0.884,1.497,0.718,0.528,0.808,1.519,1.089,1.182,0.696,1.2,1.486,0.946,1.573,1.647,1.649,1.559,1.792,1.639,1.825,1.478
JAM,-0.132,-0.258,0.071,0.386,0.242,0.341,-0.252,,,,0.512,0.763,0.357,0.699,0.28,0.312,0.334,1.175,0.995,0.538,0.575,0.657,0.82,0.436,0.941,0.915,0.231,0.752,1.201,0.556,0.23,0.486,0.741,0.905,0.735,0.823,0.811,0.719,0.329,0.594,1.002,0.354,0.489,0.754,0.973,1.07,1.257,0.978,1.185,1.479,1.616,1.299
JPN,-0.382,-0.334,0.23,0.331,-0.483,0.044,-0.503,-0.153,0.237,0.465,-0.203,-0.637,-0.05,0.092,-0.624,0.114,-0.699,0.311,-0.17,0.541,1.12,0.711,0.318,-0.004,0.949,0.33,-0.147,0.433,1.175,0.921,0.601,0.381,0.594,0.286,1.077,0.698,0.346,0.961,0.631,0.764,0.884,0.556,0.353,0.583,0.516,0.789,1.274,0.746,0.872,1.215,1.382,1.215
JOR,0.238,-0.375,-0.565,-0.507,-0.339,-0.538,-0.748,-0.014,0.016,0.732,-0.162,-0.202,-0.728,-1.112,-0.276,-0.052,0.04,-0.175,-0.048,-0.076,-0.069,0.464,-1.156,-0.544,0.912,-0.013,0.52,-0.136,1.058,1.036,0.38,1.018,0.747,0.595,0.712,0.19,0.833,0.6,0.817,0.644,2.639,0.56,1.087,1.06,0.885,1.545,1.772,1.058,2.101,1.433,1.781,2.089
KAZ,,,,,,,,,,,,,,,,,,,,,,,0.275,-0.375,-0.05,2.038,-0.408,1.886,0.493,1.37,1.494,1.645,2.252,0.132,2.156,1.559,1.445,2.2,1.556,1.187,1.299,0.738,1.143,1.614,0.669,1.605,2.24,1.752,0.629,1.47,2.832,1.432
KEN,0.223,-0.231,0.192,0.506,-0.105,-0.086,0.202,0.153,-0.021,0.048,0.571,0.169,0.279,0.599,0.172,-0.052,0.139,0.728,0.607,-0.183,-0.021,0.272,0.419,0.051,0.51,0.391,0.424,0.503,0.26,0.234,0.52,0.606,0.729,0.886,0.656,0.729,0.734,0.456,0.727,1.296,1.084,1.02,0.898,0.805,0.9,1.013,1.131,1.393,0.527,1.498,1.204,1.308
KIR,0.118,-0.437,-0.293,0.149,-0.145,-0.226,-0.222,0.143,0.244,0.169,0.212,0.276,0.235,0.179,-0.081,0.12,0.387,0.18,0.15,-0.112,0.309,0.369,0.263,-0.053,0.225,0.612,0.43,0.229,0.656,0.085,0.352,0.634,0.736,0.818,,,0.796,0.89,0.714,1.03,0.738,0.755,0.855,1.054,1.194,1.329,1.656,1.468,1.374,1.376,1.667,1.131
PRK,-0.404,-0.292,-0.178,0.604,-0.472,0.922,-0.301,0.171,0.683,0.636,0.016,-0.584,0.923,0.609,-0.14,0.17,-0.685,0.251,0.588,1.257,1.353,0.615,0.785,0.59,1.385,0.722,0.313,1.021,1.809,1.423,0.64,0.914,0.914,0.995,1.634,0.888,0.734,1.645,1.553,1.117,0.428,0.557,0.457,0.329,1.517,1.217,1.416,1.625,0.904,1.886,1.967,1.972
KOR,-0.497,-0.198,-0.083,0.527,-0.794,0.586,-0.481,0.133,0.803,0.61,-0.454,-0.752,0.437,0.468,-0.265,0.282,-0.743,0.395,0.277,0.804,1.251,0.302,0.637,0.055,1.276,0.449,0,0.747,1.496,1.065,0.445,0.92,0.683,0.662,1.235,0.969,0.538,1.304,0.993,0.989,0.542,0.347,0.419,0.522,1.027,0.953,1.609,1.404,0.887,1.407,1.377,1.56
KWT,0.477,-0.233,-0.842,-0.356,-0.45,-0.378,-0.784,0.221,-0.12,1.143,0.281,0.156,-0.411,-0.894,0.053,-0.183,0.258,0.541,0.269,-0.037,0.213,0.331,-0.729,-0.3,0.765,0.011,0.715,0.321,1.14,1.881,1.037,1.106,1.451,1.37,1.3,0.495,1.683,0.968,1.209,1.102,2.442,1.154,1.344,1.215,1.354,1.992,1.48,1.804,2.173,1.693,1.76,2.459
KGZ,,,,,,,,,,,,,,,,,,,,,,,0.067,-0.08,0.292,0.471,-0.406,1.438,0.816,1.087,1.098,1.438,1.415,0.417,1.505,1.156,1.631,1.702,1.01,0.991,1.361,1.235,0.289,1.383,0.495,1.482,1.877,1.43,1.21,1.647,1.369,1.367
LAO,-0.019,-0.399,0.034,0.513,-0.372,0.271,-0.505,0.013,0.178,0.513,0.507,0.491,0.232,0.318,0.139,0.333,0.078,0.98,0.362,0.288,0.484,0.735,0.226,0.33,0.441,0.678,0.212,0.406,1.503,0.727,0.102,0.786,0.72,1.06,0.491,0.961,0.936,0.656,0.338,0.699,1.405,0.171,0.998,1.189,0.758,1.413,1.44,1.192,0.894,2.124,1.645,1.183
LVA,,,,,,,,,,,,,,,,,,,,,,,1.567,0.375,0.668,1.603,-0.434,0.746,0.637,1.538,1.997,1.806,1.705,0.227,0.996,1.329,1.058,2.175,2.375,1.499,0.665,1.118,1.369,1.046,2.284,2.126,1.905,1.469,2.324,2.428,3.513,1.938
LBN,0.414,-0.282,-0.642,-0.522,-0.221,-0.25,-0.669,0.092,0.037,0.708,-0.224,0.021,-0.501,-0.963,-0.088,-0.023,0.224,-0.254,-0.004,0.122,0.052,0.408,-1.026,-0.435,1.057,0.063,0.408,-0.093,1.004,1.102,0.554,1.158,0.849,0.656,0.684,0.318,0.756,0.762,1.023,0.896,2.372,0.703,1.083,1.275,1.072,1.448,1.742,1.143,2.276,1.553,1.797,2.241
LBR,0.332,-0.113,0.035,0.508,0.02,-0.097,-0.22,0.239,0.226,0.524,0.386,0.138,0.217,0.489,0.349,0.279,0.161,0.938,0.822,0.353,0.576,0.512,0.241,0.524,0.529,0.628,0.565,0.988,1.342,0.805,0.502,0.53,0.885,0.921,0.897,1.077,1.095,1.022,1.17,1.377,1.395,1.059,0.847,0.954,0.918,1.338,1.54,1.572,1.345,1.499,1.644,1.573
LBY,-0.289,-0.269,0.082,-0.266,-0.083,-0.401,-0.457,0.349,-0.195,0.12,-0.085,0.026,0.039,-0.383,-0.154,-0.01,0.121,-0.159,0.825,-0.086,0.473,0.225,-0.448,0.286,0.415,0.292,0.525,0.428,0.668,1.139,0.217,1.2,0.837,0.892,0.684,0.663,0.745,0.759,0.784,0.67,1.988,0.782,0.699,1.151,1.211,0.685,1.587,0.265,1.646,0.822,1.069,1.808
LIE,-0.55,-0.073,0.076,-0.028,0.173,0.676,0.288,0.267,-0.36,-0.088,-0.166,0.043,0.546,0.948,-0.365,-0.329,0.387,-0.04,0.933,1.09,1.31,0.184,1.086,0.632,1.925,0.899,-0.034,0.94,1.202,0.966,1.449,1.43,1.381,1.672,0.896,0.661,0.96,1.935,1.39,1.404,0.475,1.653,1.607,0.92,2.239,2.043,2.022,1.782,2.252,2.054,2.352,1.202
LTU,,,,,,,,,,,,,,,,,,,,,,,1.482,0.295,0.943,1.511,-0.522,0.519,0.738,1.484,2.019,1.798,1.908,0.173,0.869,1.195,0.91,2.182,2.21,1.385,0.723,0.914,1.323,0.926,2.196,2.063,1.913,1.511,2.395,2.601,3.394,1.737
LUX,,,,,,,,,,,,,,,,,,,,,,,,,,,,,,,1.636,1.412,1.369,1.67,0.994,1.112,1.338,1.923,1.262,1.168,0.303,1.321,1.244,0.553,2.452,1.498,1.849,1.622,2.447,2.143,2.62,1.137
MDG,0.268,-0.231,-0.022,0.147,-0.303,-0.255,0.005,0.339,0.481,0.278,0.295,0.072,0.267,0.423,-0.134,0.077,-0.076,0.478,0.544,0.016,0.089,0.338,0.364,0.198,0.321,0.299,0.136,0.594,0.755,0.401,0.383,0.561,0.545,0.607,0.405,0.61,0.739,0.625,0.441,0.797,1.055,0.956,0.726,0.629,0.686,0.976,0.921,1.206,0.861,1.328,1.013,1.045
MWI,0.169,-0.24,0.026,0.31,-0.31,-0.117,-0.073,0.511,0.28,0.129,0.26,-0.142,0.037,0.919,0.29,0.036,0.251,0.622,0.754,0.211,0.675,0.232,0.629,0.097,0.282,0.827,0.636,0.715,1.046,0.352,0.815,0.668,0.851,1.027,0.892,1.474,1.014,1.101,0.539,0.705,0.996,0.717,0.942,0.68,1.013,1.054,1.442,1.35,1.038,1.115,1.434,0.605
MYS,0.123,-0.218,0.046,0.297,-0.205,-0.033,-0.191,0.085,0.232,0.347,0.295,0.236,0.221,0.654,0.011,0.186,0.203,0.515,0.474,0.131,0.53,0.408,0.383,0.194,0.34,0.467,0.4,0.614,1.21,0.42,0.405,0.638,0.765,0.771,0.692,0.891,0.628,0.686,0.571,0.785,0.985,0.614,0.787,1.001,1.028,1.218,1.661,1.185,1.184,1.446,1.417,1.192
MDV,,,0.233,0.597,-0.121,-0.322,-0.004,-0.015,-0.169,0.08,0.175,0.118,0.303,0.456,0.185,0.039,0.214,0.506,0.79,-0.021,0.553,0.589,0.199,0.224,0.42,0.685,0.429,0.554,0.891,0.28,0.243,0.431,0.586,0.483,0.348,0.798,0.337,0.379,0.174,0.5,0.635,0.509,0.518,0.603,0.704,0.858,0.918,0.798,0.762,1.088,1.086,1.034
MLI,0.393,0.028,0.314,0.535,-0.414,-0.451,-0.35,0.392,0.398,0.687,1.003,0.422,0.289,0.852,0.638,0.541,0.34,1.126,0.825,0.139,0.944,0.734,0.244,1.056,0.253,0.628,1.213,0.909,1.243,0.433,0.723,0.642,1.309,1.327,1.281,1.466,1.155,0.994,0.616,1.032,1.725,1.298,0.486,1.054,0.932,1.182,1.261,1.524,1.197,1.267,1.171,1.846
MLT,-0.12,-0.252,-0.277,0.016,-0.216,-0.347,-0.67,0.336,-0.573,0.062,-0.489,-0.317,0.653,0.074,-0.23,0.464,0.423,0.532,1.183,0.196,1.214,0.119,0.242,0.597,1.397,0.43,0.607,1.023,0.846,1.246,1.034,1.642,0.91,1.387,0.691,0.706,1.033,1.425,1.299,1.112,1.287,1.067,1.417,1.328,1.472,1.455,1.721,1.22,1.417,1.243,1.574,2.035
MHL,,,,,,,,,,,,,,,,,,,,,,0.017,0.122,-0.032,0.26,0.081,0.177,0.104,0.085,-0.192,-0.077,0.246,0.406,0.372,0.512,0.443,0.371,0.376,0.128,0.331,0.502,0.312,0.695,0.661,0.72,0.617,0.926,0.724,0.51,0.718,0.829,0.54
MTQ,0.146,-0.169,-0.012,0.196,-0.352,-0.358,-0.371,0.058,0.125,0.202,0.349,0.395,0.096,0.412,-0.051,-0.097,-0.018,0.568,0.389,-0.125,0.405,0.356,0.271,0.404,0.525,0.629,0.434,0.629,1.065,0.503,0.322,0.533,0.694,0.902,0.562,0.865,0.747,0.852,0.413,0.568,1.221,0.65,0.754,0.767,0.727,0.973,1.133,0.899,0.651,0.786,1.067,0.808
MRT,0.691,-0.329,-0.073,0.475,-0.703,-0.33,-0.585,0.617,0.527,0.948,0.859,0.824,0.475,1.523,0.497,0.503,0.192,1.48,0.837,0.637,1.37,0.749,0.764,0.865,0.556,1.084,1.444,1.194,1.672,0.492,1.133,1.276,1.259,1.278,1.385,1.304,1.347,0.968,1.254,0.845,1.905,1.549,0.854,1.414,1.326,1.381,1.702,2.101,1.122,1.469,1.918,1.862
MUS,0.349,-0.305,0.114,-0.046,-0.669,-0.128,-0.007,0.453,0.297,0.322,0.364,0.15,0.226,0.238,-0.288,-0.127,0.112,0.584,0.378,-0.002,0.155,0.427,0.104,0.07,0.344,0.183,-0.089,0.475,0.718,0.103,0.02,0.381,0.28,0.571,0.191,0.261,0.171,0.362,0.088,0.718,1.012,0.826,0.603,0.688,0.724,1.058,0.971,1.21,0.913,1.308,0.931,0.802
MYT,0.172,-0.742,-0.174,0.182,-0.508,-0.136,,,0.24,0.168,0.313,0.221,0.561,,-0.42,-0.084,0.065,0.458,0.446,-0.209,0.158,0.304,0.129,0.233,0.53,0.347,-0.014,0.356,0.792,0.27,0.233,0.387,0.839,0.512,0.386,0.521,0.317,0.746,0.327,0.512,0.755,0.492,0.425,0.282,0.478,0.703,0.607,0.848,0.632,1.17,0.902,0.49
MEX,-0.307,-0.075,0.296,-0.176,-0.094,-0.335,-0.496,-0.018,0.162,-0.081,0.37,0.145,0.559,0.006,-0.126,0.067,0.258,-0.162,0.131,0.445,0.226,0.233,0.055,0.299,0.678,0.776,0.536,0.464,0.698,0.611,0.586,0.505,0.677,0.827,0.305,0.743,0.877,0.434,0.505,1.029,0.246,0.973,0.882,0.723,0.827,1.089,1.278,1.547,1.167,1.307,1.64,1.09
FSM,,,,,,,,,,,,,,,,,,,,,,0.139,0.262,0.014,0.281,0.301,0.42,0.245,0.511,0.092,0.229,0.374,0.199,0.284,0.401,0.265,0.269,0.207,-0.047,0.072,0.252,0.12,0.533,0.678,0.515,0.545,0.92,0.851,0.726,0.791,0.767,0.434
MCO,-0.039,-0.03,-0.147,0.268,-0.13,0.147,-0.013,-0.028,-0.4,-0.005,-0.335,-0.061,0.552,0.487,-0.62,-0.127,0.41,0.173,0.733,0.875,1.247,0.062,0.618,0.456,1.299,0.663,0.182,1.266,0.881,0.882,1.063,1.34,0.861,1.584,0.779,0.699,1.06,1.519,0.967,1.327,0.305,1.25,1.242,0.569,1.645,1.719,1.576,1.762,1.729,1.7,1.981,1.279
MNG,-0.311,-0.041,0.22,0.687,0.191,0.487,-0.199,0.072,0.916,0.959,0.488,0.234,1.142,0.614,-0.338,-0.428,0.38,0.188,0.65,1.354,1.549,1.094,0.833,0.474,1.341,1.28,0.419,1.942,2.126,1.775,0.991,1.697,1.803,0.515,1.773,0.959,1.231,2.739,1.771,1.41,0.325,0.773,0.246,1.027,1.867,2.129,1.392,2.486,2.214,1.849,2.353,1.991
MNE,,,,,,,,,,,,,,,,,,,,,,,,,,,,,,,,,,,,,0.535,1.781,1.339,1.297,1.267,1.036,1.712,1.515,1.605,1.779,1.558,1.364,2.317,1.923,1.798,1.697
MSR,0.08,-0.211,-0.174,0.203,-0.335,-0.382,-0.447,0.09,0.163,0.11,0.659,0.579,0.183,0.45,-0.049,-0.111,-0.094,0.571,0.309,-0.164,0.367,0.485,0.511,0.501,0.438,0.683,0.432,0.591,1.158,0.611,0.384,,0.681,0.9,0.566,0.864,0.561,0.847,0.303,0.482,1.147,0.576,0.682,0.766,0.723,1.032,1.105,0.965,0.694,0.806,1.141,0.873
MAR,0.065,-0.799,-1.32,0.059,-0.431,-0.21,-0.818,0.087,0.363,0.497,0.593,0.495,0.484,0.782,0.268,0.854,0.234,1.077,0.992,0.686,1.415,0.148,0.232,0.219,1.051,1.214,0.963,1.291,1.573,1.099,0.956,1.84,1.194,1.685,1.119,1.27,1.472,1.013,1.151,1.251,2.117,1.789,1.393,1.311,1.711,1.24,1.968,2.276,0.685,1.578,2.188,1.882
MOZ,0.228,-0.063,-0.21,0.228,-0.324,-0.165,-0.165,0.443,0.34,0.097,0.082,-0.201,-0.063,0.829,0.186,-0.032,0.1,0.594,0.562,0.066,0.347,0.131,0.689,0.289,0.083,0.553,0.18,0.224,0.94,0.276,0.351,0.492,0.625,0.641,0.492,1.072,0.505,0.619,0.302,0.478,0.871,0.622,0.641,0.394,0.616,0.911,1.141,0.806,0.723,1.079,0.934,0.549
MMR,-0.039,-0.405,-0.023,0.252,-0.267,0.124,-0.384,-0.057,0.088,0.507,0.313,0.324,0.097,0.178,0.103,0.213,0.113,0.577,0.429,0.366,0.228,0.516,0.071,0.083,0.45,0.583,0.389,0.189,1.113,0.815,0.11,0.563,0.647,0.644,0.587,0.906,0.773,0.456,0.463,0.898,1.188,0.508,0.878,0.94,0.799,1.115,1.339,1.28,1.024,1.691,1.589,1.565
NAM,0.478,-0.102,0.095,0.621,-0.74,-0.012,-0.559,0.157,-0.099,0.401,0.252,0.077,0.422,0.748,0.829,0.57,0.397,1.12,0.55,-0.215,0.808,0.317,0.782,0.831,0.442,1.118,0.229,0.222,1.449,1.016,0.144,0.576,1.104,1.45,1.077,0.982,-0.019,0.894,0.918,0.725,1.594,0.013,0.429,1.376,1.039,1.706,2.051,1.463,2.053,2.713,1.548,0.866
NRU,,-0.356,-0.752,0.235,0.211,0.315,-0.098,-0.338,0.488,0.461,0.224,0.366,-0.179,,0.014,0.082,,,,0.321,-0.059,0.116,-0.313,,,,,,,,,,,,,,,,,,,,,,,,,,,,,
NPL,0.077,-0.505,0.039,0.229,0.167,-0.101,0.011,0.033,-0.361,0.356,0.209,-0.059,-0.125,-0.42,-0.026,0.324,-0.091,0.267,0.573,0.046,-0.054,0.097,-0.016,-0.186,0.175,0.365,0.277,-0.338,0.343,0.583,0.045,0.419,0.496,0.272,0.391,0.747,0.876,0.714,0.335,1.189,1.214,0.308,0.493,0.281,0.437,0.677,1.19,1.214,0.742,0.746,0.08,0.451
NLD,-0.584,0.053,-0.113,0.294,0.234,1.037,0.712,0.159,-0.071,-0.91,0.005,0.333,0.462,0.865,0.055,-0.855,-0.198,-0.505,0.793,1.535,1.559,0.256,1.174,0.242,1.361,1.537,-0.783,0.608,1.063,1.569,1.587,1.259,1.517,1.196,1.15,1.241,1.494,2.061,1.42,1.213,0.088,1.056,1.135,0.414,2.548,1.269,1.914,1.704,2.11,2.116,2.458,1.285
NCL,0.502,0.175,-0.16,0.843,0.328,0.266,0.129,-0.053,0.086,-0.004,0.205,0.168,0.021,0.501,0.101,0.274,0.14,-0.163,0.813,0.229,0.502,0.073,0.185,-0.106,-0.237,0.316,0.525,0.098,1.537,0.774,0.26,0.492,0.502,0.282,0.393,0.241,0.139,0.613,0.603,0.375,0.709,0.465,0.341,0.497,0.486,0.685,1.381,1.165,0.809,0.749,0.958,0.84
NZL,0.598,0.683,0.113,0.186,0.354,0.578,-0.519,-0.396,0.377,0.304,-0.006,0.417,-0.073,-0.303,0.161,0.384,0.37,0.393,0.496,0.742,0.568,-0.029,-0.717,-0.387,-0.086,0.09,0.233,-0.127,0.986,1.018,0.276,0.584,0.43,0.246,0.043,0.449,0.395,0.258,0.553,0.054,0.59,0.658,0.093,0.932,0.475,0.497,1.13,0.549,1.095,1.041,0.833,0.901
NIC,-0.148,-0.238,0.193,0.419,-0.259,0.011,0.01,0.292,0.347,0.314,0.678,0.205,0.54,0.597,0.01,0.103,0.176,0.392,0.461,0.118,0.312,0.465,0.47,0.265,0.68,0.907,0.08,0.797,1.02,0.011,0.054,0.436,0.726,0.586,0.501,0.789,0.613,0.761,0.492,0.737,0.748,0.605,0.654,1.232,0.768,0.984,1.28,0.984,0.847,1.105,1.46,0.959
NER,0.078,-0.061,0.373,0.495,0.055,-0.36,0.35,-0.287,0.263,0.786,0.587,0.099,0.44,0.106,0.688,0.364,0.81,0.736,0.661,-0.309,0.585,0.986,-0.167,0.526,0.354,0.587,1.226,0.858,0.823,0.717,0.879,0.37,0.732,0.985,0.732,1.361,1.366,1.069,0.486,1.51,1.754,1.167,0.797,1.017,1.204,1.083,1.247,1.08,1.256,1.151,0.983,1.643
NGA,0.209,-0.046,0.048,0.753,0.05,-0.253,0.099,0.336,0.065,0.604,0.45,0.205,0.406,0.287,0.851,0.44,0.594,0.879,0.561,-0.333,0.658,0.698,-0.048,0.608,0.538,0.514,0.865,0.78,1.118,0.827,0.598,0.315,0.841,0.884,0.801,1.271,1.297,0.906,0.672,1.399,1.515,0.949,0.613,0.985,1.056,1.234,1.206,1.191,1.089,1.243,1.043,1.495
NIU,,,-0.293,0.365,-0.119,-0.288,0.036,-0.124,0.028,-0.03,-0.106,-0.305,-0.094,0.168,0.269,0.074,-0.043,0.067,0.519,0.077,0.177,0.419,0.051,,,,,,,,,,,,,,,,,,,,,,,,,,,,,
NFK,0.446,0.378,-0.088,0.758,,,-0.179,-0.246,-0.118,0.015,-0.032,0.195,-0.042,0.269,0.149,0.212,0.282,-0.015,0.8,0.516,0.486,0.131,-0.143,-0.107,-0.161,0.463,0.818,-0.165,1.409,,-0.227,0.25,0.166,0.045,0.294,0.326,0.208,,,0.358,0.62,0.721,0.251,0.303,0.145,0.682,1.2,0.867,0.851,0.817,0.854,0.763
MKD,,,,,,,,,,,,,,,,,,,,,,,0.026,0.014,1.487,-0.043,-0.124,-0.114,0.774,0.614,1.096,1.604,0.372,0.654,0.383,0.181,0.41,1.575,1.183,1.065,1.394,0.763,1.486,1.482,1.357,1.54,1.739,1.174,2.187,1.967,1.666,1.755
NOR,-0.691,-0.076,0.935,0.921,0.973,1.063,-0.035,-0.546,-0.093,-1.061,-0.304,-0.483,-0.042,0.644,0.544,-0.583,-0.421,-0.818,0.489,1.755,1.532,0.992,1.134,0.712,0.081,0.96,-0.043,0.779,0.401,1.277,1.447,0.633,1.403,1.117,1.314,1.785,1.525,1.713,1.641,1.409,-0.32,1.428,1.084,0.815,2.441,1.818,1.745,1.578,1.51,1.231,2.421,1.525
OMN,0.89,-0.055,-0.247,-0.32,-0.284,-0.372,0.199,0.639,0.338,0.347,0.193,0.442,-0.373,-0.448,-0.362,0.188,0.18,0.293,0.418,-0.156,0.24,-0.086,-0.434,0.493,0.325,0.057,-0.01,-0.185,0.838,0.728,0.679,0.732,0.872,0.881,0.825,0.91,0.955,0.766,0.648,0.846,1.223,0.999,0.919,0.658,0.735,1.417,1.118,1.589,1.282,1.032,0.703,1.589
PAK,0.583,0.223,-0.456,0.126,-0.163,-0.553,-0.25,0.409,0.012,-0.025,0.45,0.336,-0.342,-0.382,-0.187,0.218,-0.273,0.208,0.748,-0.291,0.426,-0.226,-0.375,0.442,0.203,-0.08,-0.137,-0.35,0.489,0.846,0.698,0.752,0.984,0.493,1.018,0.233,1.057,0.71,0.412,1.048,1.283,0.831,0.242,0.81,0.42,0.576,1.281,1.312,1.423,0.648,0.432,1.118
PLW,,,,,,,,,,,,,,,,,,,,,,,0.208,0.16,0.392,0.446,0.504,0.49,0.753,0.565,0.553,,,0.502,0.775,0.611,0.654,0.754,,0.663,0.613,0.59,0.789,0.907,0.963,1.226,1.291,1.162,1.236,,0.429,-0.288
PAN,0.083,-0.312,0.115,0.205,-0.329,-0.338,-0.019,0.23,0.111,0.193,0.47,0.313,0.383,0.866,-0.015,-0.169,0.13,0.568,0.167,0.064,0.362,0.463,0.325,0.355,0.362,0.552,0.209,0.508,0.839,-0.249,-0.02,0.361,0.661,0.695,0.479,0.509,0.55,0.461,0.248,0.767,0.784,0.393,0.792,0.912,0.703,1.009,0.917,0.711,1.071,1.239,1.311,1.047
PNG,0.164,-0.041,-0.388,0.158,0.013,0.013,-0.323,-0.127,0.147,0.073,0.161,0.239,-0.151,0.325,0.247,0.157,0.278,0.334,0.608,0.368,0.35,0.292,0.473,0.35,0.325,0.617,0.62,0.162,1.029,0.396,0.482,0.625,0.706,0.677,0.248,0.685,0.293,0.436,0.41,0.321,1.05,0.454,0.32,0.791,0.369,0.234,1.198,0.943,0.711,0.696,1.083,1.212
PRY,0.266,-0.373,0.407,0.078,-0.253,-0.081,-0.412,0.663,0.652,0.074,0.13,0.345,0.301,-0.355,0.454,0.339,0.813,0.138,-0.087,-0.15,-0.004,0.619,-0.433,0.18,0.839,0.564,0.117,0.905,0.191,0.062,0.102,0.526,0.913,0.615,0.272,0.383,0.765,0.106,0.104,0.754,0.213,0.455,0.707,0.228,1.027,1.376,0.096,1.019,0.408,1.176,1.374,0.678
PER,-0.038,-0.476,0.335,0.142,-0.277,-0.257,-0.076,0.335,0.156,0.31,0.412,0.107,0.247,1.401,0.276,0.182,0.216,0.941,0.558,0.125,0.474,0.583,0.849,0.562,0.617,0.851,0.235,1,1.333,0.383,0.46,0.506,0.778,0.733,0.675,0.789,0.776,0.559,0.584,0.851,1.078,0.774,0.824,0.608,0.785,1.197,1.338,0.889,0.685,0.952,1.606,1.127
PHL,0.198,-0.317,0.025,0.317,-0.048,0.08,-0.131,0.279,0.213,0.368,0.147,0.2,0.136,0.608,0.155,0.34,0.251,0.531,0.801,0.265,0.422,0.378,0.411,0.373,0.435,0.465,0.368,0.43,1.228,0.451,0.581,0.727,0.624,0.702,0.586,0.671,0.716,0.754,0.423,0.578,0.925,0.479,0.779,0.914,0.775,0.964,1.422,1.05,1.076,1.151,1.316,1.179
PCN,0.437,0.126,-0.265,-0.322,-0.107,-0.011,-0.374,-0.703,-0.244,-0.535,-0.195,-0.134,-0.038,-0.693,0.193,0.39,0.174,-0.231,0.027,0.34,0.118,-0.305,-0.415,-0.594,-0.234,-0.077,-0.29,-0.309,-0.501,,0.438,0.195,0.534,-0.12,-0.516,-0.287,0.473,0.048,-0.033,-0.195,-0.003,,,,,,,,,,,
POL,-1.284,0.137,0.481,0.427,0.495,1.467,-0.302,0.428,-0.226,-0.77,-0.753,0.443,0.329,1.455,0.241,-1.042,0.018,-1.079,0.68,1.692,1.707,0.409,1.143,0.067,1.368,1.105,-0.794,0.002,0.942,1.196,1.878,1.277,1.692,0.356,0.769,0.866,0.817,2.127,1.73,1.248,0.372,0.736,1.355,0.622,2.32,1.97,2.01,1.433,2.392,2.615,2.631,1.417
PRT,0.057,-0.879,-0.913,-0.075,-0.448,-0.096,-0.36,-0.275,0.176,0.173,0.284,0.552,0.564,0.296,-0.118,0.534,0.099,0.747,0.631,1.125,1.405,0.441,0.431,-0.202,0.675,1.648,0.72,1.559,1.151,0.561,0.613,1.12,0.622,1.405,0.972,0.941,1.498,0.717,0.602,1.381,1.094,1.577,0.767,0.905,1.308,1.362,1.677,2.115,0.863,1.25,1.95,1.213
PRI,0.067,-0.306,-0.059,0.234,-0.35,-0.189,-0.373,0.202,0.315,0.114,0.605,0.572,0.178,0.577,0.198,-0.013,0.145,0.642,0.548,0.057,0.469,0.353,0.3,0.473,0.677,0.724,0.467,0.668,1.232,0.679,0.28,0.773,0.884,1.002,0.547,0.847,0.737,0.988,0.45,0.661,1.177,0.574,0.788,0.79,0.926,1.159,1.304,1.044,0.904,1.054,1.432,0.999
QAT,0.092,-0.301,-0.461,0.037,-0.152,-0.272,-0.554,0.298,0.195,0.836,0.481,0.529,-0.231,-0.935,-0.049,0.277,0.431,0.307,0.419,-0.14,0.271,-0.226,-0.577,-0.024,0.614,0.014,0.45,0.022,1.12,1.697,0.938,0.964,1.441,1.163,1.206,0.817,1.625,0.953,1.125,1.073,1.917,1.402,1.332,1.186,1.575,2.005,1.504,1.868,1.981,1.819,1.715,2.155
ROU,-0.055,-0.027,0.377,-0.223,-0.1,0.801,-0.813,0.531,-0.832,0.153,-0.644,0.038,-0.064,0.828,-0.137,-1.197,0.427,-0.731,0.096,0.753,1.104,0.038,0.367,-0.423,1.724,0.413,-0.415,-0.413,0.794,0.624,1.341,1.532,1.214,0.14,0.552,0.295,0.516,2.116,1.331,1.609,1.154,0.482,1.815,1.366,1.548,1.798,1.883,1.165,2.278,2.266,2.283,1.497
RUS,,,,,,,,,,,,,,,,,,,,,,,0.364,0.954,0.575,2.105,0.807,1.277,-0.035,0.411,1.317,0.81,1.583,0.985,1.394,1.699,0.546,2.483,2.213,1.182,0.871,1.695,1.926,1.16,1.749,2.241,2.454,2.125,2.04,2.181,3.693,1.64
RWA,0.13,-0.299,0.1,0.471,-0.038,,,,,,,,0.724,1.025,,,0.896,0.696,0.542,0.256,0.586,0.175,0.312,,,,,,0.853,,,0.467,0.862,1.081,0.935,,,1.395,,,,,,,,,,,,,,
SHN,-0.214,-0.205,0.579,-0.129,0.25,0.292,0.139,-0.01,0.111,0.141,0.308,0.121,0.112,0.466,0.645,0.413,0.697,0.332,0.857,0.797,0.865,0.774,0.173,0.756,0.9,0.783,0.749,0.706,1.168,1.174,1.256,0.999,1.129,1.242,1.133,1.101,1.249,0.893,1.065,1.431,1.241,1.288,0.916,1.191,1.074,1.352,1.434,1.322,1.337,1.509,1.302,1.454
SPM,0.978,0.293,-1.252,-0.783,-0.953,-0.7,-0.12,-0.118,-0.315,0.46,-0.205,1.004,-0.47,0.776,0.157,-1.004,-0.689,-0.013,0.264,-0.334,-0.691,-0.635,-1.24,-0.989,-0.213,-0.172,0.226,-0.265,0.848,1.765,1.181,0.607,0.032,0.227,0.656,0.99,1.881,0.436,0.504,0.753,1.37,1.204,2.051,1.358,0.447,0.17,0.88,0.374,0.694,0.062,0.751,2.257
WSM,0.226,-0.408,-0.08,0.197,-0.43,-0.243,-0.368,-0.012,-0.037,0.119,0.165,-0.033,0.162,0.259,0.105,0.077,0.197,0.122,0.426,-0.035,0.398,0.632,0.559,0.093,0.265,0.712,0.695,,,0.167,0.585,0.862,1.11,0.64,0.132,0.766,0.356,0.806,0.362,,0.956,0.499,0.56,0.798,0.459,0.298,0.828,0.724,0.478,0.828,0.72,0.557
SMR,-0.103,-0.145,-0.061,0.004,-0.043,0.245,-0.431,0.337,-0.581,0.026,-0.455,-0.333,0.406,0.432,-0.582,0.172,0.331,0.093,0.762,0.263,0.994,-0.078,0.502,0.512,1.518,0.293,0.21,0.93,1.109,0.839,1.363,1.628,1.075,1.587,0.808,0.399,0.816,1.773,1.19,1.279,0.614,1.202,1.612,0.918,1.485,1.728,1.627,1.571,1.853,1.658,1.821,1.317
STP,0.217,-0.079,-0.053,0.456,-0.101,-0.107,-0.35,0.202,0.132,0.404,0.275,0.197,0.03,0.167,0.406,0.115,-0.089,0.443,0.433,-0.067,,,0.016,0.488,0.364,0.948,,,1.293,0.995,0.526,0.364,0.787,1.04,0.869,0.778,0.857,1.087,0.81,1.014,1.034,0.708,0.783,0.83,0.887,0.808,1.506,1.23,0.946,1.341,1.577,1.32
SAU,0.375,-0.431,-0.596,-0.234,-0.224,-0.335,-0.424,0.152,-0.228,0.86,0.055,0.063,-0.481,-0.944,-0.384,-0.083,0.148,0.472,0.388,-0.192,-0.024,0.288,-1.039,-0.252,0.602,0.157,0.544,-0.028,1.008,1.468,0.742,0.864,1.083,0.976,0.95,0.507,1.155,0.678,0.862,0.991,2.137,0.821,1.204,1.183,1.264,1.91,1.556,1.799,1.874,1.803,1.565,2.261
SEN,0.508,-0.087,0.332,0.665,-0.479,-0.272,-0.079,0.534,0.495,0.805,0.943,0.758,0.334,1.239,0.639,0.511,0.462,0.989,0.864,0.589,1.208,0.821,0.905,1.126,0.635,0.947,1.236,1.367,1.571,0.618,0.956,1.176,1.452,1.158,1.132,1.347,1.351,1.208,1.292,0.688,1.418,1.151,0.83,1.172,1.143,1.267,1.649,1.867,1.064,1.492,1.757,1.871
SRB,,,,,,,,,,,,,,,,,,,,,,,,,,,,,,,,,,,,,0.588,1.926,1.371,1.403,1.207,0.768,1.725,1.45,1.641,1.79,1.758,1.339,2.381,2.159,1.905,1.7
SYC,0.32,-0.443,-0.317,0.214,-0.447,-0.254,-0.236,0.207,0.353,0.224,0.276,0.245,0.461,0.553,-0.218,-0.059,0.314,0.58,0.497,-0.035,0.305,0.446,0.032,0.082,0.377,0.304,-0.022,0.466,0.836,0.161,0.241,0.605,0.404,0.604,0.282,0.505,0.492,0.825,0.392,0.605,0.831,0.741,0.738,0.585,0.698,0.988,0.908,1.008,0.742,1.17,1.205,0.656
SLE,0.393,-0.135,0.154,0.465,-0.039,-0.12,-0.235,0.169,0.22,0.508,0.37,0.211,0.287,0.509,0.336,0.243,-0.101,0.722,0.614,0.169,0.48,0.573,0.209,0.519,0.438,0.413,0.551,0.625,0.827,0.481,,0.849,1.013,0.75,0.963,1.129,1.044,0.74,1.134,0.742,1.22,1.03,0.365,0.929,0.903,1.089,1.047,1.652,1.169,1.522,1.631,1.716
SGP,0.124,-0.109,0.142,0.201,-0.195,-0.034,0.181,0.24,0.375,0.416,0.542,0.402,0.29,0.715,-0.198,0.218,0.346,0.541,0.453,0.182,,,,,,,,,,,,,,,,,,,,,,,,,,,,,,,,
SVK,,,,,,,,,,,,,,,,,,,,,,,,0.032,1.687,0.682,-0.423,-0.256,1.024,0.769,1.626,1.241,1.38,0.653,0.549,0.397,0.627,2.147,1.53,1.496,0.68,0.84,1.57,0.948,2.315,2.099,1.925,1.253,2.54,2.423,2.03,1.29
SVN,,,,,,,,,,,,,,,,,,,,,,,1.169,0.576,1.883,0.814,-0.1,0.484,1.379,0.885,1.8,1.724,1.525,1.46,0.765,0.517,0.904,2.205,1.612,1.667,0.808,1.391,1.967,1.27,2.474,2.171,2.091,1.765,2.452,2.367,2.26,1.565
SLB,0.14,-0.13,-0.334,0.198,0.103,0.049,-0.112,0.097,0.191,0.253,0.193,0.476,-0.069,0.27,0.244,0.113,-0.04,-0.2,0.418,0.096,0.246,0.071,0.004,-0.18,-0.001,0.575,0.34,0.244,0.652,0.238,0.52,,,0.438,0.398,0.627,0.377,0.583,,0.256,0.52,0.287,0.223,0.59,0.655,0.443,0.785,0.579,0.619,0.599,0.583,0.27
SOM,0.087,-0.232,0.244,0.52,-0.075,0.103,0.222,0.319,0.221,0.067,0.716,-0.1,0.281,0.566,0.053,0.123,0.209,0.981,0.85,0.04,0.248,0.375,0.683,0.301,0.652,0.601,0.781,0.591,0.75,0.496,0.536,0.955,0.948,1.18,0.566,1.141,0.924,1.078,0.72,1.426,1.221,1.159,1.15,1.252,1.298,1.616,1.45,1.752,0.807,1.677,1.94,1.79
ZAF,0.356,-0.164,0.099,0.333,-0.273,-0.159,-0.531,0.153,0.045,0.305,0.231,-0.339,0.212,0.7,0.527,0.649,0.451,0.725,0.327,-0.043,0.316,0.365,0.805,0.839,0.218,0.642,-0.145,0.232,0.83,1.084,0.271,0.52,0.481,0.853,0.948,1.059,0.384,0.773,0.607,0.703,1.094,0.455,0.52,0.647,0.77,1.181,1.456,0.981,0.905,1.752,0.788,0.605
SSD,,,,,,,,,,,,,,,,,,,,,,,,,,,,,,,,,,,,,,,,,,1.346,0.906,1.17,0.782,0.99,1.149,1.114,0.98,0.774,0.465,0.881
ESP,0.126,-0.752,-0.839,-0.173,-0.449,-0.106,-0.383,-0.177,0.086,0.259,0.162,0.321,0.692,0.529,-0.185,0.464,0.232,0.694,0.762,1.002,1.412,0.171,0.273,-0.095,0.997,1.387,0.655,1.467,1.116,0.741,0.742,1.344,0.743,1.529,0.927,0.824,1.459,0.767,0.8,1.286,0.835,1.539,0.958,0.818,1.517,1.432,1.642,1.973,1.069,1.446,1.972,1.312
LKA,0.107,-0.362,-0.128,0.401,-0.249,-0.159,-0.049,0.104,0.156,0.402,0.488,0.276,0.264,0.765,0.101,0.207,0.302,0.784,0.802,0.305,0.67,0.632,0.33,0.331,0.396,0.707,0.53,0.688,1.309,0.487,0.595,0.854,1.009,0.922,0.842,0.916,0.679,0.665,0.581,0.815,1.177,0.85,1,0.958,1.052,1.065,1.441,1.157,0.888,1.338,1.399,1.106
KNA,0.08,-0.211,-0.174,0.203,-0.335,-0.382,-0.447,0.09,0.163,0.11,0.659,0.579,0.183,0.45,-0.049,-0.111,-0.094,0.571,0.309,-0.164,0.367,0.485,0.511,0.501,0.438,0.683,0.432,0.591,1.158,0.611,0.384,,0.681,0.9,0.566,0.864,0.561,0.847,0.303,0.482,1.147,0.576,0.682,0.766,0.723,1.032,1.105,0.965,0.694,0.806,1.141,0.873
LCA,0.181,-0.206,-0.026,0.144,-0.36,-0.37,-0.276,0.007,0.157,0.252,0.313,0.327,0.067,0.348,-0.052,-0.257,-0.079,0.521,0.426,-0.093,0.31,0.292,0.256,0.349,0.454,0.61,0.41,0.561,1.099,0.532,0.364,0.584,0.629,0.867,0.515,0.91,0.706,0.704,0.4,0.5,1.18,0.656,0.643,0.789,0.67,0.949,1.069,0.929,0.659,0.871,1.121,0.884
VCT,0.232,-0.303,-0.1,0.105,-0.411,-0.352,-0.158,-0.058,0.122,0.331,0.275,0.364,0.098,0.386,0.009,-0.385,-0.113,0.513,0.526,-0.115,0.25,0.266,0.288,0.344,0.446,0.691,0.447,0.588,1.159,0.598,0.447,0.663,0.58,0.885,0.434,0.933,0.637,0.585,0.434,0.449,1.166,0.661,0.565,0.806,0.686,0.914,0.977,0.969,0.629,0.879,1.167,0.878
SDN,,,,,,,,,,,,,,,,,,,,,,,,,,,,,,,,,,,,,,,,,,0.82,0.97,1.08,0.863,1.42,1.079,1.09,1.081,0.816,0.367,1.161
SUR,0.246,-0.462,-0.015,0.185,-0.25,-0.237,-0.003,0.231,0.177,0.26,0.394,0.245,0.107,0.389,-0.247,-0.076,0.034,0.632,0.489,0.115,0.284,0.287,0.532,0.375,0.448,0.969,0.313,0.611,1.281,0.529,0.495,0.532,0.766,0.999,1.026,1.307,0.845,0.853,0.94,1.235,1.322,0.887,0.96,1.296,1.357,1.395,1.887,1.564,1.374,1.645,1.832,1.477
SWE,-1.093,0.034,0.794,1.147,0.938,1.576,-0.107,-0.461,-0.069,-1.087,-0.566,-0.223,-0.129,0.917,0.589,-1.028,-0.488,-1.196,0.731,2.002,1.697,1.028,1.378,0.813,0.201,1.27,-0.153,0.99,0.569,1.369,1.729,1.078,1.571,0.92,1.201,1.828,1.492,1.94,1.965,1.438,-0.274,1.278,1.322,0.863,2.711,2.081,1.85,1.593,1.849,1.572,2.953,1.85
CHE,-0.486,-0.069,-0.064,-0.063,0.083,0.613,0.357,0.165,-0.369,-0.07,-0.202,-0.023,0.572,0.859,-0.34,-0.336,0.232,-0.021,0.904,1.126,1.401,0.306,0.948,0.544,1.842,0.984,0.015,1.05,1.097,0.969,1.409,1.437,1.247,1.837,0.961,0.796,1.082,1.798,1.19,1.359,0.433,1.649,1.486,0.753,2.128,1.925,1.806,1.781,2.285,2.042,2.448,1.103
SYR,0.656,-0.165,-0.909,-0.407,-0.179,-0.181,-0.849,0.177,0.17,0.913,-0.192,0.15,-0.532,-0.847,0.004,-0.029,0.405,-0.18,-0.211,0.377,0.188,0.477,-1.125,-0.571,1.278,0.17,0.462,-0.112,1.156,1.286,0.673,1.166,0.879,0.556,0.665,0.258,1.05,0.823,1.073,0.705,2.495,0.691,1.076,1.342,1.147,1.316,1.836,1.191,2.436,1.624,1.952,2.404
TWN,-0.332,-0.229,-0.156,0.496,-0.36,0.234,-0.547,0.222,0.029,0.056,0.245,0.134,-0.111,0.285,-0.526,-0.035,-0.208,0.359,0.22,-0.016,0.244,0.485,-0.1,0.316,0.325,0.158,-0.02,0.105,1.162,0.691,0.389,0.744,0.889,0.832,0.399,0.622,0.679,0.747,0.542,0.73,0.482,0.021,0.309,0.616,0.702,0.746,1.056,1.415,1.189,1.407,1.878,2.064
TZA,0.202,-0.264,0.051,0.353,-0.12,-0.013,0.022,0.351,0.103,-0.079,0.445,0.395,0.462,0.754,0.151,0.12,0.259,0.679,0.739,-0.045,0.216,0.362,0.37,0.024,0.437,0.39,0.272,0.652,0.579,-0.287,0.571,0.468,0.672,1.059,0.926,0.993,0.816,0.76,0.447,0.898,1.006,0.726,0.834,0.863,0.805,0.938,1.098,1.353,0.891,1.266,1.009,1.068
THA,0.01,-0.468,0.044,0.362,-0.463,0.095,-0.516,0.099,0.284,0.587,0.519,0.321,0.156,0.466,0.118,0.319,0.103,0.78,0.308,0.341,0.55,0.679,0.388,0.325,0.379,0.705,0.267,0.424,1.466,0.462,0.088,0.69,0.698,0.835,0.571,0.912,0.709,0.576,0.43,0.529,1.321,0.289,0.95,1.161,0.744,1.269,1.562,1.131,0.888,1.774,1.538,1.067
TLS,0.311,0.112,-0.19,0.641,-0.37,-0.353,0.003,0.379,0.833,0.318,0.383,0.734,-0.393,0.404,0.172,0.569,0.242,,,,-0.758,,,,,0.529,0.54,0.283,1.16,0.311,,,,0.64,0.706,1.306,0.395,0.638,0.351,0.785,0.989,0.024,,0.555,0.645,0.83,2.019,1.309,0.826,0.999,1.764,1.195
TGO,0.341,-0.151,0.133,0.57,-0.036,-0.234,-0.287,0.395,-0.018,0.475,0.44,0.199,0.208,0.71,0.596,0.42,0.274,1.022,0.671,0.139,0.665,0.313,0.115,0.529,0.502,0.546,0.676,0.656,1.167,0.682,0.638,0.78,0.844,1.115,0.853,1.061,1.09,0.982,0.838,1.009,1.378,0.998,0.701,0.902,1.077,1.315,1.37,1.469,1.287,1.444,1.335,1.732
TKL,-0.392,-0.406,0.06,0.056,-0.343,-0.361,0.118,0.255,0.248,0.618,0.45,0.409,0.385,0.281,0.223,0.361,0.425,0.527,0.248,0.197,0.627,1.1,,,,,,,,,,,,,,,,,,,,,,,,,,,,,,
TON,0.41,0.198,0.002,0.435,0.086,0.058,-0.193,0.045,0.209,0.302,0.273,0.209,0.244,0.143,0.35,0.259,-0.109,-0.163,0.773,0.414,0.34,0.304,0.177,-0.097,0.211,0.484,0.312,0.235,0.285,0.202,0.355,0.637,0.735,0.36,0.416,0.54,0.321,0.601,0.056,0.127,0.672,0.366,0.455,0.586,0.433,0.48,1.004,0.797,0.612,1.032,0.932,0.574
TTO,0.25,-0.357,-0.152,0.093,-0.358,-0.37,-0.222,-0.019,0.14,0.296,0.344,0.335,0.061,0.276,-0.095,-0.538,-0.279,0.443,0.269,-0.292,0.057,0.192,0.217,0.507,0.373,0.7,0.481,0.578,1.127,0.634,0.527,0.68,0.496,0.777,0.359,0.974,0.53,0.433,0.34,0.509,1.196,0.534,0.596,0.784,0.704,0.979,0.769,,0.623,1.224,1.506,1.142
TUN,-0.264,-0.223,-0.342,-0.135,-0.326,-0.343,-0.736,0.609,-0.371,0.413,-0.176,0.107,0.839,0.252,-0.095,0.42,0.464,0.614,1.324,0.485,1.407,-0.06,-0.006,0.641,1.333,0.643,0.577,1.208,0.952,1.722,0.99,1.969,1.231,1.707,0.942,1.075,1.297,1.418,1.408,0.905,1.821,1.095,1.68,1.544,1.88,1.204,1.901,1.377,1.505,1.317,2.01,2.543
TUR,0.845,0.032,-0.738,-0.493,-0.34,-0.136,-1.169,0.176,-0.068,0.9,-0.102,0.396,-0.227,-0.452,0.331,-0.078,0.415,-0.412,-0.32,0.334,-0.068,0.2,-1.27,-0.851,1.171,0.116,0.242,-0.031,0.977,1.202,0.484,1.475,0.747,0.251,0.548,0.385,0.833,0.93,0.808,0.643,2.348,0.354,0.93,1.317,1.29,0.777,1.547,0.73,2.584,1.639,1.852,1.93
TKM,,,,,,,,,,,,,,,,,,,,,,,-0.108,-0.196,0.235,1.35,-0.091,1.327,0.915,1.253,1.255,1.488,1.76,0.071,1.614,1.266,1.659,1.082,0.713,1.029,1.858,1.063,0.745,1.604,0.673,1.387,1.972,1.653,1.486,1.768,1.476,1.599
TCA,,-0.17,-0.23,0.04,-0.125,0.19,-0.418,0.119,0.572,-0.085,0.124,,,,,,,,,,,,,,,,,,,,,,,,,,,,,,,,,,,,,,,,,
TUV,-0.028,-0.258,-0.147,0.146,-0.381,,-0.07,-0.108,0.01,0.186,0.219,0.085,-0.021,0.007,0.115,0.264,0.488,-0.009,0.078,-0.136,0.208,0.541,0.218,0.052,,0.473,0.44,0.489,0.271,0.468,0.577,0.842,0.865,0.652,0.723,0.839,0.69,0.786,0.391,0.713,0.978,0.855,0.661,0.732,0.696,0.847,0.972,1.062,1.024,1.127,1.245,0.739
UGA,-0.01,-0.184,0.083,0.363,-0.122,-0.033,0.075,0.204,0.144,0.366,0.712,0.583,0.577,0.856,0.428,0.243,0.402,0.766,0.607,0.063,0.417,0.309,0.325,0.079,0.343,0.51,0.51,0.559,0.44,0.109,0.345,0.457,0.909,0.877,0.564,0.966,0.558,0.09,0.717,1.153,1.304,1.115,0.709,0.764,0.799,0.828,0.926,1.395,0.701,1.227,0.85,1.121
UKR,,,,,,,,,,,,,,,,,,,,,,,0.459,-0.741,1.149,0.949,-0.414,-0.336,0.73,1.157,1.425,1.795,1.539,-0.268,0.918,1.01,0.26,2.365,1.608,1.594,1.635,0.564,1.938,1.501,1.691,2.047,2.09,1.401,2.222,2.355,3.014,1.43
ARE,0.248,-0.295,-0.449,0.052,-0.195,-0.269,-0.497,0.46,0.105,0.531,0.487,0.355,-0.328,-0.699,-0.159,0.23,0.294,0.269,0.325,-0.169,0.364,-0.156,-0.579,0.072,0.482,-0.125,0.391,-0.222,1.015,1.351,0.72,0.592,1.137,1.046,1.011,0.679,1.211,0.757,0.717,0.862,1.456,1.133,1.095,0.756,0.935,1.561,1.08,1.666,1.53,1.247,1.282,1.75
GBR,-0.072,0.255,-0.056,0.202,-0.064,0.602,0.727,-0.326,0.063,-0.789,-0.03,0.165,0.106,0.337,0.325,-0.533,-0.605,-0.294,0.299,1.137,1.006,0.199,0.512,-0.023,0.406,1.11,-0.151,0.873,0.853,1.125,0.713,0.622,1.002,1.185,1.026,1.11,1.243,1.327,0.835,0.947,-0.054,0.847,0.574,0.373,1.739,0.629,1.175,1.437,1.012,1.247,1.383,0.951
USA,-0.029,-0.415,-0.251,-0.015,0.079,-0.393,-0.13,0.394,0.039,-0.298,0.413,0.871,-0.34,0.533,-0.229,-0.027,0.578,0.904,0.463,0.319,0.665,0.52,0.387,0.002,0.461,0.626,-0.011,0.39,1.264,0.749,0.992,0.78,0.946,0.987,0.86,1.149,1.023,1.141,0.21,0.396,0.69,0.534,1.445,0.613,0.5,1.525,2.219,1.43,1.273,1.032,1.325,1.166
VIR,0.087,-0.245,-0.093,0.191,-0.322,-0.234,-0.367,0.175,0.181,-0.04,0.739,0.542,0.088,0.56,0.196,0.018,0.094,0.527,0.503,-0.026,0.343,0.309,0.221,0.456,0.603,0.65,0.367,0.513,1.115,0.597,0.181,0.639,0.818,0.89,0.529,0.796,0.651,0.914,0.393,0.67,1.085,0.461,0.652,0.784,0.918,1.114,1.235,1.001,0.778,0.937,1.362,0.953
URY,0.375,-0.344,0.245,-0.13,-0.06,0.018,-0.329,0.487,0.101,0.12,0.566,0.517,0.576,-0.051,0.105,0.429,0.76,0.322,-0.517,0.73,0.571,0.312,0.145,0.277,0.44,0.307,0.492,1.135,0.142,0.112,0.364,1.266,0.634,0.325,0.468,0.821,0.618,0.162,0.746,0.531,0.302,0.497,0.898,0.2,1.212,1.077,0.384,1.627,1.289,0.862,1.086,1.032
VUT,0.308,-0.005,-0.314,0.55,0.312,0.043,-0.057,-0.04,0.155,0.062,0.075,0.062,-0.019,0.221,-0.042,0.423,-0.128,-0.201,0.652,0.092,0.318,-0.035,-0.061,-0.368,-0.076,0.285,0.381,0.235,0.851,0.885,0.53,0.598,0.553,0.204,0.351,0.444,0.282,0.819,0.68,0.421,0.832,0.654,0.342,0.649,0.554,0.536,1.102,1.032,0.445,0.803,1.146,1.067
VEN,0.205,-0.366,-0.026,0.359,-0.316,-0.274,-0.386,0.283,0.197,0.292,0.457,0.183,0.116,0.436,-0.112,-0.311,-0.145,0.422,0.004,-0.315,0.315,0.218,0.264,0.381,0.172,0.624,0.45,0.524,0.945,0.203,0.151,0.482,0.686,0.765,0.514,0.758,0.545,0.624,0.396,0.714,1.139,0.484,0.436,0.857,0.806,1.174,1.141,0.752,0.808,1.171,1.293,0.723
VNM,-0.036,-0.374,0.067,0.505,-0.328,0.213,-0.493,-0.074,0.071,0.361,0.31,0.452,0.178,0.041,-0.148,-0.048,0.058,1.018,0.157,0.003,0.375,0.565,0.04,0.294,0.326,0.361,0.023,0.339,1.342,0.804,0.182,0.728,0.757,1.127,0.482,0.907,0.969,0.597,0.293,0.76,1.176,0.196,0.818,0.992,0.638,1.327,1.283,1.213,0.905,1.864,1.588,1.193
WLF,0.053,-0.042,-0.117,0.363,0.127,-0.022,-0.119,-0.14,-0.043,0.117,0.194,0.155,0.126,0.101,0.063,0.145,-0.026,0.059,0.439,0.11,0.232,0.032,-0.054,-0.197,-0.052,0.487,0.406,0.242,0.544,0.41,0.582,0.819,0.817,0.484,0.545,0.704,0.502,0.78,0.204,0.254,0.847,0.635,0.617,0.683,0.606,0.646,1.159,0.96,0.688,1.11,1.082,0.775
GZA,0.216,-0.347,-0.488,-0.479,-0.268,-0.421,-0.585,0,-0.091,0.591,-0.218,-0.234,-0.579,-1.083,-0.218,-0.001,0.037,-0.312,0.022,-0.18,-0.11,0.403,-1.05,-0.359,0.811,-0.152,0.334,-0.125,0.894,0.908,0.312,0.93,0.806,0.643,0.621,0.258,0.645,0.582,0.788,0.898,2.391,0.648,1.11,1.194,0.94,1.408,1.705,0.821,2.093,1.298,1.553,1.887
ESH,0.547,-0.62,-1.104,-0.013,-0.6,-0.267,-0.99,0.078,0.402,0.56,0.487,0.602,0.323,0.749,0.41,0.691,0.19,1.076,0.441,0.659,1.282,0.467,0.451,0.23,0.798,1.226,1.274,1.42,1.265,0.935,0.865,1.255,1.179,1.349,1.47,1.092,1.317,0.851,1.355,0.895,1.819,1.432,1.234,1.282,1.244,1.277,1.636,2.078,0.851,1.43,2.026,1.557
YEM,0.388,-0.199,0.049,0.333,-0.108,0.031,-0.074,0.402,0.417,0.549,0.836,0.047,-0.04,0.089,0.312,0.576,-0.101,0.02,0.992,0.391,0.451,,,,,,,0.061,,,,,,,,,,,,,,,,,,,,,,,,
RNR,0.354,-0.249,-0.146,0.386,-0.393,-0.116,-0.297,0.533,0.108,0.271,0.166,-0.112,0.398,1.093,0.608,0.24,0.101,1.011,0.701,0.216,0.875,0.29,0.854,0.189,0.546,0.865,0.912,0.674,1.215,0.418,0.311,0.501,0.956,1.159,0.801,1.339,0.61,1.075,0.446,0.577,1.481,0.965,0.926,0.746,0.638,1.486,1.474,0.721,0.727,1.295,1.252,1.002
ZWE,0.427,-0.033,-0.367,0.627,-0.471,-0.253,-0.43,0.444,-0.004,0.201,-0.003,-0.328,0.214,1.266,0.53,0.077,0.069,1.103,0.489,0.232,0.627,0.317,1.195,0.512,-0.043,0.678,-0.157,0.057,0.876,0.09,-0.34,0.03,0.438,0.377,0.042,1.065,-0.346,0.038,0.016,-0.336,0.918,0.22,0.329,0.102,-0.008,0.808,1.051,0.116,0.405,0.939,0.415,-0.101
