date,AL,AD,AM,AT,AZ,BY,BE,BA,BG,HR,CY,CZ,DK,EE,FO,FI,FR,GE,DE,GI,GR,GL,HU,IS,IE,IT,KZ,LV,LI,LT,LU,MK,MT,MD,ME,NL,NO,PL,PT,RO,RU,RS,SK,SI,ES,SE,CH,TR,UA,GB,TW
2021-05-30,44,40,33,38,38,46,33,47,37,29,34,30,58,35,0,39,35,41,45,0,34,70,41,43,55,39,48,37,0,28,42,40,32,39,42,40,53,31,34,30,47,42,39,33,34,48,33,42,41,54,26
2021-06-06,48,24,41,37,41,47,33,41,33,30,36,32,53,40,85,45,37,38,44,40,33,0,41,48,54,39,50,38,31,28,38,37,27,41,37,41,52,32,31,31,48,43,40,37,35,53,34,42,47,52,27
2021-06-13,42,0,43,37,42,46,32,41,36,30,38,35,49,36,51,42,36,40,41,35,33,0,39,48,55,41,46,36,0,28,42,38,31,40,38,41,62,31,31,31,47,42,44,35,35,52,35,47,42,51,28
2021-06-20,46,32,39,41,37,42,37,41,32,31,33,33,58,39,67,44,39,42,47,27,37,0,42,48,58,45,53,45,0,33,37,33,31,41,50,47,61,32,34,31,49,43,42,41,38,52,38,45,43,53,27
2021-06-27,47,33,36,39,38,49,37,46,34,36,37,35,54,40,0,51,39,43,45,43,39,0,43,48,56,43,49,45,0,35,41,40,31,38,41,42,61,35,34,30,49,42,44,41,38,58,33,42,41,51,29
2021-07-04,48,39,47,43,40,46,41,53,35,46,39,36,55,42,0,47,44,41,46,0,45,63,45,43,57,45,48,46,49,33,37,41,37,36,46,43,60,35,34,33,53,47,48,41,39,56,41,46,46,53,29
2021-07-11,52,36,44,43,44,47,39,48,35,44,44,40,53,43,50,48,43,44,46,36,45,0,44,52,61,46,48,47,0,35,41,45,35,41,54,44,66,35,34,36,57,47,45,43,41,54,38,48,48,53,28
2021-07-18,58,46,52,40,46,54,42,58,42,49,43,41,61,46,0,51,44,45,47,40,46,0,47,45,61,48,60,49,0,38,40,50,42,46,64,45,63,40,37,34,54,54,49,43,43,57,39,63,50,54,27
2021-07-25,53,44,52,43,42,54,41,54,40,45,41,38,62,40,52,50,45,43,51,31,50,0,45,52,60,49,60,50,0,38,44,48,37,47,52,49,64,38,39,36,57,50,49,42,45,59,39,49,54,56,23
2021-08-01,57,39,49,41,45,52,41,54,41,49,39,40,56,45,81,52,46,48,45,0,44,0,45,59,60,50,53,42,46,38,45,53,36,42,54,48,64,37,38,38,58,54,49,39,43,61,41,49,46,55,26
2021-08-08,62,36,46,43,45,51,42,56,44,50,41,41,56,50,61,51,46,47,49,31,51,0,47,55,60,53,56,49,42,38,45,50,45,51,54,47,63,38,39,38,57,55,49,42,46,60,41,53,50,54,27
2021-08-15,58,51,49,44,48,58,44,56,44,47,42,39,54,45,45,46,48,51,49,27,56,60,46,52,62,51,52,47,33,37,49,50,43,42,51,47,60,39,41,36,60,56,50,43,45,59,41,52,51,53,25
2021-08-22,52,49,53,44,46,51,47,55,40,48,44,46,55,48,0,45,47,54,50,30,54,0,45,47,59,52,63,46,0,38,60,54,40,45,58,49,52,38,42,41,59,53,50,42,47,60,41,51,52,56,26
2021-08-29,59,60,49,46,47,53,42,53,40,47,49,39,58,43,51,46,49,54,52,34,50,0,47,56,65,52,50,45,0,37,49,54,47,42,58,50,58,38,42,39,60,54,50,48,44,57,41,51,50,59,28
2021-09-05,60,63,47,49,50,50,47,58,45,47,51,43,60,48,56,49,47,49,54,0,58,0,51,46,68,56,46,47,0,40,48,47,41,41,57,52,61,39,42,39,58,58,49,52,47,57,44,52,53,59,28
2021-09-12,100,82,89,85,76,83,82,80,65,77,73,77,100,81,85,84,74,77,87,65,64,0,75,79,100,83,100,84,87,66,80,87,72,75,72,80,97,65,70,69,100,89,83,79,73,99,82,72,100,99,71
2021-09-19,72,42,64,60,54,74,68,61,52,63,61,62,76,63,52,69,64,57,75,30,53,0,67,63,82,71,64,61,0,44,72,59,52,58,63,72,77,55,56,53,79,70,68,71,60,81,66,61,61,84,62
2021-09-26,66,53,67,59,55,70,61,62,50,56,55,56,72,59,0,64,58,57,64,53,50,0,62,59,75,63,62,62,49,47,64,56,43,63,70,65,69,51,47,52,77,61,67,66,56,76,62,59,63,77,52
2021-10-03,65,41,54,51,49,67,53,54,50,45,49,46,72,57,0,61,53,50,62,24,50,0,61,59,73,57,55,58,57,50,55,50,48,54,45,57,68,46,45,50,64,61,61,50,54,68,55,56,56,71,43
2021-10-10,54,58,54,48,54,67,49,47,47,45,53,43,67,53,63,54,49,54,56,31,52,0,50,59,68,53,54,55,0,43,51,47,56,47,52,51,67,45,42,44,63,64,62,49,50,62,48,52,57,62,41
2021-10-17,55,46,49,49,49,62,45,50,45,39,45,44,77,45,57,52,47,54,58,47,52,0,51,60,65,51,50,48,0,41,50,44,40,41,40,52,59,40,42,40,56,65,56,51,44,60,47,51,55,63,39
2021-10-24,50,50,47,52,46,61,44,47,40,42,46,45,58,45,0,49,50,49,54,0,54,0,52,60,73,50,55,55,0,40,47,45,45,46,52,51,59,40,41,47,58,62,55,49,44,61,45,52,59,66,36
2021-10-31,53,59,51,45,47,63,47,47,42,39,42,42,62,47,0,52,51,51,57,32,42,53,52,47,78,54,55,46,0,43,52,44,42,45,48,51,60,42,43,48,63,55,57,46,46,60,44,49,48,65,35
2021-11-07,44,31,44,47,46,58,44,52,45,40,43,47,61,48,63,53,50,47,59,29,44,0,53,53,71,56,51,45,33,43,44,38,42,41,42,48,60,42,41,55,60,59,57,43,49,62,46,55,49,67,35
2021-11-14,50,45,42,52,46,56,51,47,47,42,41,43,56,47,52,55,52,48,59,32,50,0,58,56,74,55,48,44,37,41,45,39,42,49,49,51,61,42,41,53,57,55,59,47,51,63,40,58,49,67,29
2021-11-21,46,53,45,52,48,62,57,43,44,41,48,46,70,57,63,70,56,54,69,28,54,0,57,53,77,61,53,46,0,42,50,42,34,45,40,60,79,48,46,44,58,55,61,48,54,79,54,73,54,72,30
2021-11-28,49,42,47,51,41,61,52,41,43,42,43,44,61,48,0,56,53,51,58,31,45,0,57,47,81,55,52,42,54,41,46,47,36,43,39,55,63,47,44,47,58,53,60,41,47,67,47,50,53,70,33
2021-12-05,49,64,45,49,44,64,53,44,43,43,43,47,65,52,0,52,53,46,58,31,48,0,52,61,73,60,52,52,47,43,52,44,41,40,38,51,53,47,42,48,62,50,59,48,53,69,46,47,51,66,31
2021-12-12,49,40,48,54,45,66,50,48,46,46,46,46,62,50,0,58,53,50,60,31,48,0,60,49,79,61,54,56,38,43,49,47,53,45,34,51,60,47,45,51,62,55,61,50,52,66,47,55,55,66,29
2021-12-19,55,56,49,64,43,68,60,55,55,52,54,67,73,58,0,70,67,54,76,64,62,0,71,54,98,77,52,67,0,56,58,51,45,56,44,57,79,59,58,62,63,57,83,56,62,77,50,59,57,76,29
2021-12-26,67,100,60,71,53,74,68,59,55,52,56,70,74,65,83,71,70,65,77,56,62,0,63,68,97,75,63,61,61,57,56,50,46,65,50,59,78,61,55,63,73,62,82,53,71,79,55,47,62,80,29
2022-01-02,60,72,63,60,51,88,62,62,49,44,49,55,64,56,60,61,53,68,59,0,63,0,56,55,83,62,78,58,65,52,50,66,53,69,50,61,65,50,47,56,77,69,70,54,69,69,49,47,69,69,32
2022-01-09,60,64,57,53,46,71,51,59,46,48,47,50,55,49,0,55,51,59,60,42,52,0,59,52,75,55,61,51,37,44,53,55,39,59,49,57,60,49,46,51,65,64,63,46,57,60,46,48,62,64,30
2022-01-16,53,50,56,44,49,67,42,58,45,41,44,44,60,46,0,50,45,55,52,36,45,0,52,43,68,51,53,53,0,42,46,56,42,55,52,49,58,45,44,48,58,68,58,51,48,54,42,45,56,56,31
2022-01-23,53,51,53,48,47,64,44,60,44,43,39,42,70,49,0,50,42,50,48,36,52,0,56,52,68,48,49,52,0,39,46,49,46,42,56,51,50,45,36,48,62,72,59,45,47,58,40,49,54,57,32
2022-01-30,47,42,51,47,47,67,41,56,42,39,43,38,59,48,0,52,47,51,56,0,45,0,55,54,64,48,50,53,37,39,43,48,36,47,49,50,50,45,39,43,62,66,55,45,48,56,40,55,53,61,39
2022-02-06,51,53,47,49,48,68,45,56,42,42,46,40,57,46,0,52,44,49,51,0,46,0,52,43,61,49,51,48,0,41,47,50,46,45,41,48,54,47,35,44,62,65,56,44,47,56,42,53,52,58,35
2022-02-13,48,55,46,42,48,68,49,52,44,41,41,45,57,44,0,51,46,54,48,53,42,49,49,49,65,48,48,53,0,45,41,52,35,48,47,46,53,46,38,48,57,69,51,43,45,55,42,50,52,54,34
2022-02-20,45,48,41,41,44,61,42,47,41,38,41,37,55,42,0,47,44,43,48,27,36,60,49,46,52,42,47,42,35,35,40,46,42,39,43,47,51,41,34,43,69,60,50,41,42,54,38,48,35,56,31
2022-02-27,44,58,43,41,48,62,46,49,41,39,43,36,57,43,58,44,45,45,47,0,40,45,50,45,59,46,49,45,30,29,39,46,32,41,43,46,53,39,37,41,93,62,50,44,44,55,38,51,37,54,31
2022-03-06,47,72,47,45,52,70,45,55,46,41,46,46,54,46,52,52,45,55,50,0,47,0,52,49,61,46,56,52,34,44,38,49,39,46,46,49,56,50,39,47,62,64,58,47,44,58,42,56,44,58,38
2022-03-13,49,49,49,42,48,60,44,53,46,46,40,47,56,46,0,54,44,52,50,0,41,0,51,43,59,47,43,54,34,42,37,47,37,42,46,48,56,47,40,47,50,63,53,48,44,56,41,49,44,55,38
2022-03-20,47,61,43,39,63,55,42,49,44,42,41,41,52,43,59,50,42,54,48,31,41,78,54,50,60,48,59,46,31,40,44,46,37,45,45,49,53,42,40,46,46,61,53,41,46,57,39,51,45,56,31
2022-03-27,45,54,42,40,49,60,44,48,40,39,45,39,53,47,0,50,40,48,47,0,40,44,48,50,60,46,49,52,27,38,44,44,38,46,35,49,54,42,34,44,49,58,50,42,43,55,40,45,44,57,30
2022-04-03,47,46,43,41,42,54,45,48,42,39,42,39,55,42,60,48,41,46,48,0,37,0,46,52,56,44,40,48,0,39,45,48,31,46,47,48,51,41,45,43,46,55,48,43,42,54,38,44,42,53,30
2022-04-10,47,68,40,42,45,49,44,60,42,42,42,36,57,43,57,48,39,44,45,30,39,0,49,48,66,44,41,42,0,39,41,43,29,42,38,46,56,43,37,49,43,57,54,41,43,56,38,48,44,55,28
2022-04-17,50,32,45,40,44,52,45,55,44,44,44,40,58,43,50,48,40,52,49,32,45,52,48,49,60,49,40,45,0,44,40,47,37,44,45,47,56,48,36,52,45,61,55,43,44,55,39,48,44,54,27
2022-04-24,48,38,42,39,42,55,43,52,42,39,48,38,57,42,0,46,41,49,48,25,45,64,48,46,61,45,45,46,0,37,35,46,38,48,51,48,52,40,39,52,44,59,50,39,40,53,40,46,46,54,28
2022-05-01,43,43,39,38,49,58,47,56,42,45,44,38,52,44,43,48,44,49,47,30,44,63,43,46,54,43,45,46,0,36,42,46,36,50,45,49,53,44,36,46,50,57,48,44,43,54,37,54,44,54,27
2022-05-08,42,41,38,40,42,53,41,55,37,42,40,37,49,43,0,47,40,44,45,0,42,0,46,51,61,44,45,42,29,36,43,46,30,42,45,46,52,43,36,43,45,55,46,42,42,53,37,47,45,53,26
2022-05-15,44,41,40,39,42,52,42,51,40,40,44,36,51,44,0,44,37,44,45,0,39,0,45,46,60,40,43,41,0,39,39,44,34,42,48,44,55,43,36,42,42,52,46,42,42,54,36,50,45,54,25
2022-05-22,42,28,44,38,41,51,43,46,41,41,41,36,52,41,67,52,40,46,46,0,42,0,46,56,59,40,51,45,0,36,46,43,33,47,47,50,54,46,35,44,45,55,47,46,41,54,37,46,47,54,26
2022-05-29,43,28,44,42,43,52,42,51,41,40,43,34,54,48,0,50,41,46,49,36,45,0,48,57,59,45,49,47,32,36,41,45,37,46,45,49,55,46,37,45,46,56,50,42,42,53,44,46,49,57,25
2022-06-05,43,46,45,45,47,56,46,56,45,42,45,39,50,52,0,53,46,47,50,0,39,0,53,50,60,47,50,48,0,36,38,48,34,47,53,53,61,47,39,45,46,55,54,44,44,59,40,56,47,59,26
2022-06-12,44,33,46,43,50,56,40,63,44,45,44,39,54,53,0,55,42,45,48,0,44,0,53,56,61,48,52,48,58,39,38,49,40,48,51,49,60,47,38,47,49,59,52,45,45,59,39,50,48,56,26
2022-06-19,53,44,48,43,54,51,44,58,43,49,44,38,56,52,54,57,44,53,48,47,45,0,54,53,63,49,53,49,0,40,41,45,42,44,52,49,64,47,39,45,50,59,51,53,49,57,40,49,49,56,26
2022-06-26,52,48,52,42,52,55,47,59,48,51,50,40,63,55,0,56,45,50,46,0,48,63,51,52,57,48,54,52,0,40,39,51,36,50,57,52,62,47,41,48,54,58,53,46,50,58,43,50,51,58,26
2022-07-03,57,38,48,45,54,66,43,61,45,56,48,40,53,53,0,58,45,50,51,0,48,0,55,54,65,49,52,52,0,42,40,50,47,49,62,51,63,49,45,44,51,64,54,50,51,64,43,55,50,56,27
2022-07-10,51,46,51,44,57,64,45,67,48,57,49,43,62,51,0,59,48,50,49,47,49,0,53,55,63,55,59,52,40,46,46,58,36,49,66,50,61,52,42,51,52,70,57,53,53,61,44,61,56,55,27
2022-07-17,56,46,49,43,52,59,45,71,46,59,49,45,56,51,70,58,49,51,50,0,50,0,49,58,66,51,59,51,0,48,51,57,50,53,67,54,64,50,42,51,54,73,59,55,53,61,42,57,56,60,26
2022-07-24,55,52,50,44,57,69,48,64,51,58,47,41,60,47,0,59,50,55,51,39,54,68,50,64,63,54,59,54,0,48,48,54,48,53,70,56,64,51,46,51,56,71,61,49,54,66,42,62,52,60,27
2022-07-31,61,69,56,47,57,73,50,70,52,65,52,41,65,52,46,57,51,58,48,46,56,98,53,68,66,57,60,56,0,46,52,54,43,57,68,55,64,54,44,52,53,74,62,53,54,64,46,59,50,59,27
2022-08-07,58,71,58,43,57,70,47,71,53,62,57,45,58,54,0,60,51,65,52,0,59,0,52,69,65,57,57,61,44,49,58,64,46,55,74,53,73,51,45,55,55,74,62,55,57,60,44,60,53,60,30
2022-08-14,67,82,57,42,59,62,50,72,53,63,57,46,56,51,52,57,51,63,51,35,60,41,48,68,82,56,57,56,0,42,48,63,47,57,81,53,63,50,48,53,53,73,61,54,57,64,46,61,54,62,29
2022-08-21,66,71,57,45,59,60,53,73,53,63,51,43,57,52,0,55,51,58,53,39,59,0,56,55,69,57,58,56,0,47,57,61,39,56,71,55,65,51,49,51,53,69,60,54,59,61,44,63,53,62,31
2022-08-28,59,72,58,48,64,70,48,62,55,59,50,44,51,52,53,56,48,64,56,0,53,40,56,53,67,55,59,57,34,48,52,59,48,55,63,55,54,50,48,55,53,69,60,51,59,62,44,61,56,63,32
2022-09-04,99,92,97,84,100,100,84,88,100,100,86,75,90,84,68,96,79,99,89,54,91,0,100,87,89,84,84,99,86,74,90,100,83,78,81,87,87,82,86,92,87,94,90,87,89,98,87,100,94,94,86
2022-09-11,73,70,71,76,76,93,80,78,86,79,77,76,83,78,100,74,72,81,79,51,76,82,85,84,83,80,70,81,42,68,83,84,68,74,90,80,90,78,76,86,70,94,92,81,73,84,78,70,82,98,75
2022-09-18,74,72,68,65,68,83,67,76,68,71,65,61,71,68,44,82,64,72,73,35,74,81,70,75,79,71,74,70,0,64,67,81,65,69,82,67,75,65,59,74,58,95,78,70,64,75,69,67,75,81,56
2022-09-25,60,58,68,52,69,70,58,65,60,59,59,53,63,63,67,66,54,73,62,0,64,59,58,60,66,58,67,59,56,56,46,59,50,57,75,59,62,56,49,60,49,81,70,60,58,63,57,61,61,63,44
2022-10-02,55,67,60,49,59,73,50,62,55,56,51,47,60,61,0,61,51,63,58,32,55,61,55,57,65,58,59,56,51,50,55,62,53,63,58,52,65,55,43,58,51,70,63,59,54,62,54,55,58,66,44
2022-10-09,53,68,56,51,54,70,50,56,52,53,51,47,62,53,53,58,49,64,57,36,48,0,56,61,70,56,54,59,0,51,50,59,49,57,56,54,59,53,44,57,50,71,61,53,54,59,50,58,53,65,40
2022-10-16,51,64,54,51,50,64,48,59,52,49,48,43,59,47,0,60,47,59,55,0,48,49,51,52,66,54,51,49,44,48,49,54,49,56,45,51,57,52,38,51,49,70,62,55,50,53,47,54,55,60,39
2022-10-23,53,50,62,49,54,69,49,64,52,51,51,45,53,52,39,57,50,60,53,40,52,62,56,64,64,53,59,54,38,47,49,57,49,53,55,54,55,52,43,57,53,66,63,55,48,60,47,57,57,64,38
2022-10-30,55,82,51,49,53,72,49,59,51,51,45,45,57,44,0,53,53,58,55,47,50,0,54,55,68,53,65,48,48,51,52,53,45,58,61,52,56,56,44,55,55,68,63,52,49,59,46,56,56,63,38
2022-11-06,52,57,60,48,58,73,47,59,51,47,46,48,54,46,46,54,46,56,56,48,49,0,57,53,68,54,61,55,49,47,47,53,45,52,43,49,57,51,47,72,51,65,62,51,50,58,53,58,51,62,36
2022-11-13,50,65,54,48,60,62,52,59,56,52,53,46,61,46,64,61,51,60,60,35,55,53,62,48,73,60,52,51,0,46,50,52,45,54,43,52,58,51,44,60,49,65,66,50,53,62,44,59,51,67,35
2022-11-20,49,46,56,55,55,66,58,61,48,52,51,52,77,51,36,72,53,64,66,31,69,0,59,58,74,61,45,54,31,47,53,56,46,50,58,61,64,59,47,54,46,64,65,44,57,74,68,58,58,65,32
2022-11-27,51,52,54,50,50,73,50,62,47,46,51,48,61,50,53,58,50,57,55,0,47,0,55,49,73,56,47,54,34,45,47,52,43,51,51,53,61,56,44,54,51,65,62,50,51,63,48,62,54,65,32
2022-12-04,51,49,52,50,52,67,47,58,50,45,48,48,60,45,0,54,45,55,57,27,51,67,59,52,68,56,44,53,35,46,48,55,48,53,48,46,58,53,40,55,48,65,65,49,52,58,44,62,52,61,30
2022-12-11,50,65,51,50,52,69,54,54,56,48,56,47,58,51,0,56,48,61,55,34,51,0,59,54,74,56,49,56,50,49,46,55,44,54,62,49,56,55,49,59,48,66,63,47,56,57,46,60,53,62,31
2022-12-18,55,61,56,50,57,74,53,64,60,56,57,53,60,61,70,60,52,67,56,0,59,0,62,59,71,61,46,63,38,52,50,55,50,59,60,49,60,62,47,67,51,68,76,49,56,65,48,64,57,63,29
2022-12-25,69,88,62,63,66,75,63,73,66,69,63,72,71,62,60,70,66,76,66,100,70,54,69,63,96,75,56,65,45,65,60,62,59,73,53,58,70,70,63,79,60,76,91,52,72,75,57,64,64,76,31
2023-01-01,69,40,71,55,67,80,60,74,55,58,58,50,64,62,0,66,53,75,58,0,68,53,59,64,71,61,62,59,0,49,55,64,50,73,67,54,66,58,47,69,63,79,70,49,71,63,50,58,67,62,32
2023-01-08,54,47,61,47,53,74,52,68,53,52,45,45,59,51,0,53,47,63,52,0,52,0,54,56,68,53,49,56,40,45,51,59,36,64,70,50,59,55,46,61,51,75,67,50,62,58,48,57,55,56,34
2023-01-15,55,66,58,45,54,67,48,67,51,52,50,43,55,47,61,53,46,61,52,31,51,47,52,46,64,47,51,56,39,44,43,63,45,56,57,53,56,54,40,56,52,71,63,47,51,57,44,60,54,58,36
2023-01-22,49,64,53,44,57,70,49,65,48,48,49,43,53,49,47,52,42,56,48,37,49,45,52,54,60,50,48,52,52,44,44,54,41,57,57,54,52,54,44,54,51,68,60,54,50,59,46,54,53,58,36
2023-01-29,48,63,54,44,61,65,48,68,47,51,48,40,55,48,0,51,44,55,48,35,46,63,55,41,61,49,44,48,47,48,43,59,40,56,57,50,55,53,44,53,47,72,58,50,49,55,41,57,50,57,33
2023-02-05,48,43,50,42,52,64,46,68,44,44,44,41,52,42,57,51,42,57,49,0,44,39,49,46,53,44,45,53,0,44,44,54,39,53,50,48,53,50,42,52,48,68,59,44,46,53,41,41,52,55,35
2023-02-12,47,44,48,42,57,61,40,66,45,45,49,38,61,45,54,52,41,54,48,36,45,0,55,47,54,46,44,50,47,44,43,54,43,52,54,47,53,49,38,52,45,66,56,48,44,55,37,48,51,53,32
2023-02-19,46,71,49,43,52,54,43,63,43,51,46,39,53,43,0,48,43,51,46,0,44,0,52,48,54,45,39,45,0,40,41,52,38,50,51,50,52,48,40,50,43,60,55,49,48,53,40,52,46,54,33
2023-02-26,42,39,47,42,48,59,43,60,43,46,45,38,55,43,0,48,42,53,49,34,44,0,54,50,54,48,40,44,0,41,43,46,36,51,48,47,53,51,38,50,44,63,55,48,49,53,40,54,46,55,30
2023-03-05,49,42,49,43,55,61,44,52,41,46,44,41,54,42,56,50,41,53,49,48,49,64,51,48,60,47,42,51,42,41,37,47,38,55,46,48,53,50,41,49,45,63,55,48,47,53,38,50,48,53,29
2023-03-12,50,49,45,42,52,52,43,58,42,46,50,38,56,45,0,50,39,52,46,0,48,0,50,58,57,45,41,49,0,41,43,50,43,50,52,46,48,50,37,49,43,60,55,42,45,53,39,56,47,52,28
2023-03-19,47,36,43,40,59,50,40,56,40,46,43,37,47,44,44,49,38,50,44,32,44,0,50,48,56,46,53,51,36,36,37,47,44,49,51,46,51,45,37,48,39,54,49,44,46,53,39,51,41,52,27
2023-03-26,43,41,45,42,51,51,42,53,41,45,45,37,56,46,0,47,39,52,44,35,44,0,46,53,56,46,43,46,0,40,41,53,40,46,43,47,47,50,40,46,42,56,49,46,47,55,38,64,46,54,27
2023-04-02,46,64,42,49,48,50,42,65,39,50,48,35,57,48,64,48,39,50,47,31,43,0,50,58,56,46,40,44,34,37,41,49,36,46,53,46,54,52,40,51,39,63,57,44,49,54,42,54,45,54,30
2023-04-09,47,57,43,43,45,50,44,64,45,53,45,37,55,46,0,49,43,48,48,0,51,42,50,53,59,47,40,47,36,42,41,51,38,50,51,46,50,51,39,53,40,62,56,44,49,53,38,57,42,54,27
2023-04-16,46,39,45,39,47,56,40,63,44,45,49,35,52,40,0,45,40,51,46,29,57,0,47,48,55,44,37,47,39,37,43,51,38,55,53,46,52,44,36,54,38,61,51,40,45,49,38,57,51,53,26
2023-04-23,46,64,42,40,49,49,45,60,40,46,44,36,52,49,62,45,44,47,46,45,46,0,48,50,53,46,40,45,0,35,40,50,42,53,49,49,50,46,42,49,39,54,49,44,45,51,42,54,41,55,27
2023-04-30,47,46,42,41,47,48,45,58,42,46,42,35,59,43,48,45,43,51,47,0,44,53,47,45,60,46,42,47,35,41,43,53,46,46,47,50,55,48,39,49,37,52,49,45,46,53,40,52,44,52,26
2023-05-07,41,36,42,40,44,51,45,56,42,45,46,38,53,40,72,46,44,48,46,0,45,0,49,43,65,45,45,42,0,38,40,48,34,45,51,48,50,48,39,42,39,58,50,42,45,52,39,53,44,52,26
2023-05-14,42,30,44,42,48,48,42,61,39,49,44,38,55,45,0,45,39,51,47,0,43,0,53,50,56,44,39,43,64,41,35,44,35,44,49,46,50,48,35,46,39,56,52,45,43,52,38,53,41,54,26
2023-05-21,43,49,46,43,47,56,40,51,41,46,43,34,55,45,40,49,39,52,47,33,44,0,46,55,58,43,41,42,37,36,41,43,34,48,43,48,50,47,37,48,41,53,50,43,44,51,43,51,43,51,25
2023-05-28,45,43,43,41,51,53,46,57,38,51,42,38,53,42,39,54,44,45,47,0,41,49,48,52,56,44,43,47,0,36,42,42,35,52,46,48,55,48,41,49,40,54,50,41,43,54,39,49,47,54,26
2023-06-04,44,45,48,44,50,55,45,62,42,52,49,43,55,49,0,55,42,53,50,0,45,0,51,54,63,47,50,54,0,45,44,52,40,58,52,48,56,49,41,50,39,60,55,44,47,56,40,69,47,53,26
2023-06-11,45,36,46,43,51,58,48,57,41,50,44,39,51,49,44,52,44,52,46,0,46,0,53,53,56,49,48,47,49,37,40,50,44,48,48,46,56,50,40,51,43,62,54,52,48,57,39,60,46,54,28
2023-06-18,47,32,45,37,52,54,43,62,44,49,51,36,55,48,41,54,43,51,49,0,46,0,55,60,61,50,50,51,36,43,41,51,37,55,45,47,59,52,41,51,40,56,53,51,48,59,40,59,48,53,27
2023-06-25,50,20,47,43,59,57,47,69,44,57,54,45,56,48,0,56,45,54,48,43,49,48,55,54,54,51,50,53,42,43,42,56,41,57,59,49,58,53,39,52,42,60,56,47,50,60,43,72,48,53,27
2023-07-02,56,70,48,45,55,57,53,67,45,63,58,42,62,56,38,57,46,56,50,0,52,0,50,55,57,52,53,50,0,46,41,62,46,55,67,50,63,54,45,54,44,61,55,50,54,60,43,78,52,54,28
2023-07-09,46,55,52,46,62,63,48,72,44,59,48,43,55,53,0,59,48,48,52,0,57,0,51,51,60,53,62,57,39,46,41,56,49,53,64,48,63,55,48,48,43,65,57,48,51,60,42,71,52,57,26
2023-07-16,53,47,56,50,60,61,45,62,46,60,52,45,59,52,55,60,47,55,50,0,51,43,52,57,63,52,59,50,0,47,41,53,38,54,66,51,55,53,41,49,43,62,56,49,53,58,42,58,54,55,29
2023-07-23,55,44,52,41,54,57,49,68,45,63,48,41,57,50,0,57,51,55,48,73,52,57,57,54,63,55,54,53,0,44,40,54,45,55,70,51,58,56,46,46,46,63,58,52,54,61,45,56,52,54,26
2023-07-30,54,65,51,44,59,59,47,69,46,62,55,49,58,52,0,55,50,55,50,0,60,0,53,58,61,56,50,56,0,47,43,54,47,55,69,53,64,58,46,53,43,70,60,49,58,59,45,53,50,57,30
2023-08-06,63,54,56,46,55,60,47,76,47,66,51,44,56,51,36,51,50,57,52,33,56,0,56,52,65,55,50,53,41,47,49,60,39,61,67,52,62,57,48,52,45,76,61,50,57,58,46,54,52,55,30
2023-08-13,58,70,49,49,55,54,51,68,48,63,52,45,57,54,65,56,49,58,50,0,55,61,51,52,61,57,51,49,40,47,51,59,41,58,59,52,59,57,49,57,42,67,63,58,55,59,46,60,54,55,29
2023-08-20,60,48,54,47,53,60,44,67,48,65,51,47,55,55,38,53,49,57,50,39,58,44,54,53,66,55,51,53,56,45,47,53,44,54,69,52,52,54,46,54,45,68,62,49,56,56,46,54,46,52,29
2023-08-27,55,50,59,49,61,59,45,65,47,61,50,44,52,55,36,54,49,61,53,37,54,55,54,51,62,56,50,59,54,46,47,58,40,54,59,53,56,55,49,53,46,65,63,52,55,58,46,54,54,57,32
2023-09-03,54,55,54,51,62,62,50,67,50,56,54,45,56,50,42,56,46,58,56,41,51,0,54,56,60,57,44,52,0,39,48,57,51,52,56,54,60,55,49,50,46,60,62,51,51,58,46,53,49,57,34
2023-09-10,95,90,100,100,92,99,100,100,94,97,100,100,98,100,61,100,100,100,100,42,100,42,100,100,96,100,98,100,100,100,100,94,100,100,100,100,100,100,100,100,84,100,100,100,100,100,100,86,95,100,100
2023-09-17,64,67,68,75,71,78,79,83,81,84,71,73,82,76,52,78,71,77,81,51,85,100,86,85,76,78,71,78,0,68,74,75,65,75,76,82,78,87,73,87,59,89,84,84,76,82,79,61,76,84,67
2023-09-24,62,76,67,66,71,75,74,79,69,73,61,66,76,70,48,71,65,80,76,51,75,44,76,82,78,76,57,76,38,60,61,70,49,78,90,72,74,76,66,76,53,90,85,69,70,74,68,65,77,79,68
2023-10-01,53,76,52,56,64,73,61,76,58,60,56,55,61,57,38,66,55,63,64,38,56,54,63,62,72,63,49,69,67,55,54,63,50,68,64,60,65,65,57,62,47,78,69,67,60,63,59,58,65,65,47
2023-10-08,44,52,57,52,55,56,54,58,50,56,47,52,57,54,61,59,49,60,58,51,50,0,56,56,63,59,43,55,48,46,49,59,45,52,63,56,65,60,46,57,43,70,66,59,59,60,51,53,54,59,45
2023-10-15,51,61,53,47,51,58,48,63,49,52,49,49,57,49,55,59,46,54,54,0,46,0,50,55,61,52,41,50,41,45,48,55,51,52,56,54,51,56,51,54,43,67,65,49,52,55,46,50,57,60,41
2023-10-22,51,37,55,48,53,63,48,62,45,49,45,49,57,52,0,55,48,53,56,37,47,0,55,53,63,50,43,57,0,46,48,55,48,52,58,51,57,59,44,54,42,65,64,51,50,56,47,49,53,60,39
2023-10-29,46,58,52,45,50,64,52,62,48,52,47,46,61,48,0,54,48,53,55,0,47,70,57,49,68,53,60,54,49,52,52,51,50,58,54,50,51,61,47,62,43,66,67,53,52,58,47,49,50,60,38
2023-11-05,45,59,49,45,56,58,49,65,45,50,45,48,55,44,51,54,48,54,56,35,49,0,56,55,71,54,53,52,0,46,46,55,47,50,50,51,55,59,47,70,43,63,63,49,53,58,49,49,52,62,38
2023-11-12,45,60,49,49,52,56,56,60,54,53,47,50,63,51,63,65,48,55,61,28,62,41,64,49,64,57,46,51,0,48,47,53,38,51,46,53,60,60,52,63,44,62,68,51,55,61,48,51,52,66,35
2023-11-19,46,65,47,59,53,56,60,65,49,58,56,50,73,54,53,78,57,67,67,32,62,42,62,63,75,64,45,52,50,49,51,56,46,51,48,56,66,66,56,57,43,66,69,49,64,75,68,51,55,72,34
2023-11-26,47,65,46,51,48,56,54,64,45,51,49,48,65,47,0,60,50,58,60,43,56,0,57,46,69,57,44,52,34,48,51,57,46,52,46,53,59,57,54,55,42,65,65,49,56,64,51,58,44,68,33
2023-12-03,53,51,50,51,47,54,52,63,46,53,48,52,56,47,0,52,49,52,56,0,51,0,63,48,67,56,40,52,0,50,48,59,43,53,45,51,56,59,50,59,40,68,65,50,57,54,47,51,53,60,32
2023-12-10,47,51,49,49,46,62,53,61,49,56,49,55,54,53,0,56,50,57,55,39,55,45,62,56,71,58,38,54,0,50,48,60,47,54,44,50,54,63,49,59,44,70,73,48,56,54,49,50,54,60,33
2023-12-17,60,55,49,52,51,70,52,66,51,59,54,49,56,56,40,58,46,61,54,42,52,69,67,54,70,59,46,58,48,55,55,60,45,59,57,49,68,64,53,69,45,74,69,54,55,54,44,47,58,59,31
2023-12-24,67,63,58,68,55,75,60,81,64,69,62,81,64,57,68,71,67,70,70,71,73,0,77,63,90,74,52,70,0,68,56,67,50,75,64,56,72,83,73,81,50,82,93,60,75,72,54,50,61,70,29
2023-12-31,67,76,68,52,66,74,57,75,50,59,50,50,59,49,78,58,51,75,54,44,61,0,57,66,65,57,61,51,41,48,53,66,46,73,64,54,62,61,52,66,52,80,73,54,66,57,46,51,59,58,30
2024-01-07,52,66,55,45,51,68,50,68,48,49,44,42,55,48,47,55,46,64,48,26,51,39,51,47,61,50,45,53,33,45,43,64,40,63,74,50,57,58,45,58,46,83,67,46,61,53,40,44,56,55,28
2024-01-14,45,64,46,44,49,64,46,71,44,52,44,42,53,46,0,53,43,54,48,24,51,47,54,54,63,49,43,60,44,46,40,58,42,61,58,48,54,59,43,55,44,78,65,50,50,54,43,45,53,52,29
2024-01-21,43,55,45,47,51,59,45,64,46,47,42,42,55,49,0,49,43,54,50,30,48,0,54,47,55,47,45,52,40,45,41,59,39,61,59,50,52,60,45,53,45,74,62,49,50,55,43,48,53,54,29
2024-01-28,48,68,52,47,56,60,44,78,45,51,42,43,55,50,36,53,44,56,56,37,50,0,53,47,62,47,45,54,0,46,45,54,38,60,57,51,52,60,47,50,46,74,65,46,48,56,42,53,52,53,31
2024-02-04,45,57,49,47,56,62,43,68,43,52,41,40,55,46,0,53,44,54,50,0,51,0,58,46,59,43,47,55,0,47,42,61,32,54,55,48,54,60,41,47,44,66,63,52,48,51,43,55,54,55,32
2024-02-11,45,72,48,46,46,63,44,60,40,51,45,38,57,41,55,49,42,49,50,0,47,0,48,52,60,47,46,47,41,43,40,58,48,55,57,48,54,63,44,50,44,64,62,43,48,52,40,52,55,55,34
2024-02-18,47,37,43,46,45,61,39,67,40,53,41,39,51,43,0,50,44,45,49,0,43,54,54,51,63,50,52,49,0,42,47,57,44,54,52,48,55,60,42,46,47,66,58,49,47,49,40,49,52,57,30
2024-02-25,44,52,44,47,48,58,43,65,38,47,44,40,52,46,0,49,43,48,49,31,47,0,53,53,58,46,49,48,0,45,40,54,35,50,45,48,54,60,42,43,46,63,58,47,47,54,40,50,50,51,30
2024-03-03,42,71,45,43,52,58,40,65,38,47,47,37,53,45,0,50,42,47,48,35,48,51,50,54,57,46,45,50,0,47,45,49,47,54,42,45,53,56,40,41,44,61,58,50,47,49,40,57,53,49,28
2024-03-10,44,51,39,47,47,53,41,62,42,49,41,37,53,44,40,50,40,55,50,0,44,46,44,48,56,44,42,52,0,43,40,47,35,48,46,46,52,56,38,44,39,65,57,46,46,45,37,46,49,51,27
2024-03-17,46,48,43,40,57,49,39,64,38,48,45,36,50,43,0,53,40,46,48,30,47,0,48,53,59,46,44,53,38,45,36,48,44,53,56,45,54,54,41,42,38,59,52,46,47,51,36,47,49,51,28
2024-03-24,45,60,42,44,53,57,42,67,40,49,42,36,53,47,0,49,41,41,51,0,46,52,55,56,63,47,41,46,54,42,40,48,42,48,52,47,56,55,42,44,40,54,57,46,50,51,40,47,49,54,27
2024-03-31,47,70,47,45,46,51,43,67,36,52,37,37,52,40,0,51,44,43,52,0,45,48,49,53,59,50,34,50,0,43,40,49,41,44,43,48,58,56,41,40,39,58,57,52,50,51,41,42,47,56,27
2024-04-07,38,50,43,46,51,52,41,62,37,46,39,35,50,43,47,49,43,44,48,0,44,0,45,44,58,44,37,46,43,43,39,55,40,42,56,45,50,50,43,39,38,54,55,42,45,52,40,53,48,55,27
2024-04-14,39,0,38,44,43,50,42,55,40,45,38,36,50,43,45,48,43,42,49,31,42,0,52,45,61,44,40,45,0,41,39,46,38,44,51,46,49,54,40,41,39,58,54,44,46,51,37,46,48,51,26
2024-04-21,42,36,47,42,43,53,40,53,40,47,39,37,51,44,42,55,42,42,49,28,43,0,49,47,60,53,40,47,38,42,43,47,40,49,49,46,50,52,42,45,37,58,54,50,45,50,40,44,47,52,26
2024-04-28,46,28,45,42,42,52,42,63,44,48,47,35,54,46,39,50,43,46,47,33,46,0,54,46,61,45,37,47,0,39,38,48,34,49,49,47,50,50,43,48,40,56,50,45,45,47,38,44,49,55,25
2024-05-05,40,41,41,45,44,58,43,66,41,46,41,35,55,46,56,53,44,47,50,0,47,0,51,47,64,43,41,48,0,39,40,46,43,54,55,46,58,51,42,45,40,63,54,45,44,47,40,45,50,60,27
2024-05-12,40,60,44,46,46,57,40,59,37,46,40,36,56,46,44,51,42,44,50,0,47,45,53,47,61,47,43,46,0,43,37,44,43,47,54,48,56,55,42,41,40,62,51,45,47,48,39,47,49,52,26
2024-05-19,41,49,43,43,44,50,43,63,39,49,39,36,54,44,43,53,43,45,48,3,46,4,52,47,59,47,40,47,41,39,43,47,32,48,54,46,54,50,43,41,38,58,54,47,46,50,42,43,48,51,25
2024-05-26,39,36,46,47,46,54,45,65,41,54,39,41,54,46,38,54,43,47,50,26,48,33,53,49,61,45,41,51,33,44,41,46,38,47,51,52,57,55,46,44,37,63,57,47,45,54,42,43,49,55,26
